pc_time,ts_ms,lat,lon,height_mm,velN,velE,velD,fixType,numSV,counter
2011-09-26T13:14:14.274189,0,49.0265574,8.4460150,113771,5720.9000000,-13137.3000000,20.6000000,3,8,0
2011-09-26T13:14:14.374189,100,49.0265626,8.4459970,113772,5719.3000000,-13125.3000000,9.8000000,3,9,1
2011-09-26T13:14:14.474189,200,49.0265683,8.4459773,113777,5727.4000000,-13108.9000000,-19.5000000,3,9,2
2011-09-26T13:14:14.574189,300,49.0265735,8.4459594,113783,5729.3000000,-13093.1000000,-32.9000000,3,9,3
2011-09-26T13:14:14.674189,400,49.0265787,8.4459415,113792,5745.0000000,-13076.0000000,-59.1000000,3,9,4
2011-09-26T13:14:14.774189,500,49.0265844,8.4459218,113802,5761.4000000,-13051.5000000,-74.3000000,3,9,5
2011-09-26T13:14:14.874189,600,49.0265896,8.4459040,113812,5769.6000000,-13037.9000000,-77.8000000,3,9,6
2011-09-26T13:14:14.974189,700,49.0265948,8.4458862,113822,5759.5000000,-13022.2000000,-71.6000000,3,9,7
2011-09-26T13:14:15.074189,800,49.0266005,8.4458666,113824,5730.8000000,-13010.4000000,-19.0000000,3,9,8
2011-09-26T13:14:15.174189,900,49.0266056,8.4458488,113830,5711.2000000,-13004.3000000,-40.0000000,3,9,9
2011-09-26T13:14:15.274189,1000,49.0266113,8.4458292,113837,5707.0000000,-13003.2000000,-78.7000000,3,9,10
2011-09-26T13:14:15.374189,1100,49.0266165,8.4458114,113846,5704.5000000,-13005.9000000,-107.1000000,3,9,11
2011-09-26T13:14:15.474189,1200,49.0266217,8.4457936,113856,5709.9000000,-13008.9000000,-112.7000000,3,9,12
2011-09-26T13:14:15.574189,1300,49.0266274,8.4457741,113861,5711.3000000,-13005.5000000,-65.1000000,3,9,13
2011-09-26T13:14:15.674189,1400,49.0266325,8.4457563,113862,5718.4000000,-12999.7000000,-32.0000000,3,9,14
2011-09-26T13:14:15.774189,1500,49.0266383,8.4457368,113859,5743.0000000,-12991.8000000,-7.9000000,3,7,15
2011-09-26T13:14:15.874189,1600,49.0266435,8.4457190,113856,5771.1000000,-12982.0000000,7.0000000,3,7,16
2011-09-26T13:14:15.974189,1700,49.0266488,8.4457012,113852,5801.5000000,-12975.0000000,8.3000000,3,7,17
2011-09-26T13:14:16.074189,1800,49.0266541,8.4456835,113850,5830.3000000,-12976.8000000,-19.3000000,3,7,18
2011-09-26T13:14:16.174189,1900,49.0266599,8.4456640,113851,5857.9000000,-12982.8000000,-38.2000000,3,7,19
2011-09-26T13:14:16.274189,2000,49.0266653,8.4456462,113852,5869.9000000,-12989.9000000,-47.1000000,3,7,20
2011-09-26T13:14:16.374189,2100,49.0266712,8.4456266,113856,5877.2000000,-13005.5000000,-58.2000000,3,7,21
2011-09-26T13:14:16.474189,2200,49.0266765,8.4456088,113861,5890.3000000,-13016.2000000,-74.4000000,3,7,22
2011-09-26T13:14:16.574189,2300,49.0266819,8.4455910,113867,5916.6000000,-13010.7000000,-71.3000000,3,7,23
2011-09-26T13:14:16.674189,2400,49.0266878,8.4455715,113870,5957.5000000,-12987.5000000,-58.1000000,3,7,24
2011-09-26T13:14:16.774189,2500,49.0266933,8.4455537,113873,5987.1000000,-12963.8000000,-64.3000000,3,6,25
2011-09-26T13:14:16.874189,2600,49.0266987,8.4455360,113880,5994.0000000,-12951.6000000,-87.7000000,3,6,26
2011-09-26T13:14:16.974189,2700,49.0267047,8.4455165,113892,5986.8000000,-12951.0000000,-131.2000000,3,6,27
2011-09-26T13:14:17.074189,2800,49.0267102,8.4454988,113905,5965.4000000,-12952.2000000,-132.5000000,3,6,28
2011-09-26T13:14:17.174189,2900,49.0267156,8.4454811,113910,5941.2000000,-12939.7000000,-90.6000000,3,6,29
2011-09-26T13:14:17.274189,3000,49.0267215,8.4454617,113912,5928.9000000,-12914.2000000,-49.1000000,3,8,30
2011-09-26T13:14:17.374189,3100,49.0267269,8.4454441,113913,5911.6000000,-12898.2000000,-49.2000000,3,8,31
2011-09-26T13:14:17.474189,3200,49.0267322,8.4454265,113917,5887.9000000,-12883.5000000,-60.4000000,3,8,32
2011-09-26T13:14:17.574189,3300,49.0267381,8.4454072,113920,5854.1000000,-12873.7000000,-47.8000000,3,8,33
2011-09-26T13:14:17.674189,3400,49.0267434,8.4453896,113919,5813.5000000,-12862.4000000,-23.3000000,3,8,34
2011-09-26T13:14:17.774189,3500,49.0267486,8.4453720,113916,5765.2000000,-12852.1000000,0.4000000,3,7,35
2011-09-26T13:14:17.874189,3600,49.0267543,8.4453527,113914,5709.5000000,-12845.9000000,-9.6000000,3,7,36
2011-09-26T13:14:17.974189,3700,49.0267594,8.4453351,113917,5654.5000000,-12848.0000000,-49.1000000,3,7,37
2011-09-26T13:14:18.074189,3800,49.0267645,8.4453176,113923,5616.6000000,-12845.0000000,-75.7000000,3,7,38
2011-09-26T13:14:18.174189,3900,49.0267700,8.4452983,113932,5567.3000000,-12844.7000000,-97.9000000,3,7,39
2011-09-26T13:14:18.274189,4000,49.0267751,8.4452807,113938,5516.8000000,-12843.7000000,-81.7000000,3,7,40
2011-09-26T13:14:18.374189,4100,49.0267800,8.4452632,113943,5458.8000000,-12849.5000000,-58.1000000,3,7,41
2011-09-26T13:14:18.474189,4200,49.0267854,8.4452439,113946,5390.4000000,-12858.2000000,-40.1000000,3,7,42
2011-09-26T13:14:18.574189,4300,49.0267902,8.4452263,113952,5337.8000000,-12874.1000000,-41.4000000,3,7,43
2011-09-26T13:14:18.674189,4400,49.0267953,8.4452069,113959,5280.0000000,-12897.1000000,-51.7000000,3,7,44
2011-09-26T13:14:18.774189,4500,49.0268000,8.4451892,113964,5222.1000000,-12921.0000000,-40.4000000,3,7,45
2011-09-26T13:14:18.874189,4600,49.0268046,8.4451715,113967,5165.1000000,-12948.2000000,-30.0000000,3,7,46
2011-09-26T13:14:18.974189,4700,49.0268096,8.4451519,113970,5096.4000000,-12977.5000000,-21.8000000,3,7,47
2011-09-26T13:14:19.074189,4800,49.0268141,8.4451342,113971,5037.8000000,-13000.4000000,-9.4000000,3,7,48
2011-09-26T13:14:19.174189,4900,49.0268185,8.4451163,113971,4976.9000000,-13030.0000000,-22.2000000,3,6,49
2011-09-26T13:14:19.274189,5000,49.0268234,8.4450967,113977,4908.6000000,-13069.8000000,-52.5000000,3,6,50
2011-09-26T13:14:19.374189,5100,49.0268277,8.4450788,113982,4840.8000000,-13107.8000000,-62.0000000,3,6,51
2011-09-26T13:14:19.474189,5200,49.0268324,8.4450590,113990,4778.8000000,-13142.7000000,-51.9000000,3,6,52
2011-09-26T13:14:19.574189,5300,49.0268366,8.4450410,113993,4733.8000000,-13170.5000000,-40.9000000,3,6,53
2011-09-26T13:14:19.674189,5400,49.0268408,8.4450229,113996,4698.8000000,-13201.7000000,-48.6000000,3,7,54
2011-09-26T13:14:19.774189,5500,49.0268450,8.4450048,114000,4666.9000000,-13235.9000000,-58.3000000,3,7,55
2011-09-26T13:14:19.874189,5600,49.0268496,8.4449849,114003,4623.3000000,-13273.0000000,-41.9000000,3,7,56
2011-09-26T13:14:19.974189,5700,49.0268537,8.4449667,114002,4584.4000000,-13305.2000000,-9.4000000,3,7,57
2011-09-26T13:14:20.074189,5800,49.0268578,8.4449484,113999,4545.9000000,-13344.9000000,-6.6000000,3,7,58
2011-09-26T13:14:20.174189,5900,49.0268622,8.4449283,113998,4505.4000000,-13395.1000000,-17.8000000,3,7,59
2011-09-26T13:14:20.274189,6000,49.0268662,8.4449099,113997,4469.2000000,-13435.9000000,-13.4000000,3,7,60
2011-09-26T13:14:20.374189,6100,49.0268706,8.4448896,113994,4426.1000000,-13482.8000000,10.7000000,3,7,61
2011-09-26T13:14:20.474189,6200,49.0268745,8.4448711,113989,4389.0000000,-13527.9000000,20.9000000,3,7,62
2011-09-26T13:14:20.574189,6300,49.0268784,8.4448525,113986,4364.1000000,-13571.9000000,27.2000000,3,7,63
2011-09-26T13:14:20.674189,6400,49.0268827,8.4448320,113985,4347.6000000,-13618.8000000,23.1000000,3,7,64
2011-09-26T13:14:20.774189,6500,49.0268867,8.4448133,113982,4339.2000000,-13659.8000000,34.8000000,3,7,65
2011-09-26T13:14:20.874189,6600,49.0268906,8.4447946,113978,4327.8000000,-13703.1000000,45.7000000,3,7,66
2011-09-26T13:14:20.974189,6700,49.0268948,8.4447739,113970,4307.7000000,-13748.7000000,70.5000000,3,7,67
2011-09-26T13:14:21.074189,6800,49.0268987,8.4447550,113958,4286.4000000,-13788.2000000,89.0000000,3,7,68
2011-09-26T13:14:21.174189,6900,49.0269025,8.4447361,113948,4263.9000000,-13831.7000000,86.1000000,3,7,69
2011-09-26T13:14:21.274189,7000,49.0269067,8.4447152,113940,4233.7000000,-13880.2000000,56.9000000,3,7,70
2011-09-26T13:14:21.374189,7100,49.0269104,8.4446961,113934,4217.5000000,-13923.8000000,23.8000000,3,7,71
2011-09-26T13:14:21.474189,7200,49.0269142,8.4446770,113929,4201.5000000,-13962.8000000,11.7000000,3,7,72
2011-09-26T13:14:21.574189,7300,49.0269184,8.4446559,113920,4199.7000000,-13985.1000000,59.0000000,3,7,73
2011-09-26T13:14:21.674189,7400,49.0269221,8.4446368,113908,4188.7000000,-14005.5000000,77.9000000,3,7,74
2011-09-26T13:14:21.774189,7500,49.0269262,8.4446156,113893,4147.5000000,-14025.8000000,100.2000000,3,7,75
2011-09-26T13:14:21.874189,7600,49.0269299,8.4445964,113877,4111.3000000,-14031.9000000,115.3000000,3,7,76
2011-09-26T13:14:21.974189,7700,49.0269335,8.4445772,113865,4080.7000000,-14037.8000000,101.3000000,3,7,77
2011-09-26T13:14:22.074189,7800,49.0269375,8.4445561,113859,4048.7000000,-14045.7000000,56.2000000,3,7,78
2011-09-26T13:14:22.174189,7900,49.0269411,8.4445368,113856,4018.6000000,-14046.2000000,23.3000000,3,7,79
2011-09-26T13:14:22.274189,8000,49.0269450,8.4445157,113856,3985.1000000,-14042.2000000,11.8000000,3,7,80
2011-09-26T13:14:22.374189,8100,49.0269485,8.4444965,113858,3955.1000000,-14043.1000000,-19.5000000,3,7,81
2011-09-26T13:14:22.474189,8200,49.0269520,8.4444773,113864,3925.0000000,-14038.8000000,-21.6000000,3,7,82
2011-09-26T13:14:22.574189,8300,49.0269555,8.4444581,113867,3893.1000000,-14033.4000000,-7.8000000,3,7,83
2011-09-26T13:14:22.674189,8400,49.0269593,8.4444370,113873,3870.5000000,-14033.4000000,-8.2000000,3,7,84
2011-09-26T13:14:22.774189,8500,49.0269627,8.4444177,113878,3856.0000000,-14036.6000000,-6.7000000,3,7,85
2011-09-26T13:14:22.874189,8600,49.0269662,8.4443985,113882,3843.4000000,-14045.6000000,-2.7000000,3,7,86
2011-09-26T13:14:22.974189,8700,49.0269700,8.4443774,113883,3828.0000000,-14059.4000000,-3.2000000,3,7,87
2011-09-26T13:14:23.074189,8800,49.0269734,8.4443581,113884,3814.9000000,-14075.2000000,-2.2000000,3,7,88
2011-09-26T13:14:23.174189,8900,49.0269771,8.4443369,113887,3792.4000000,-14101.8000000,-16.4000000,3,7,89
2011-09-26T13:14:23.274189,9000,49.0269805,8.4443176,113890,3764.0000000,-14128.7000000,-19.6000000,3,7,90
2011-09-26T13:14:23.374189,9100,49.0269839,8.4442982,113891,3733.3000000,-14150.8000000,-8.7000000,3,7,91
2011-09-26T13:14:23.474189,9200,49.0269875,8.4442769,113893,3703.9000000,-14180.8000000,-4.7000000,3,7,92
2011-09-26T13:14:23.574189,9300,49.0269908,8.4442575,113897,3690.3000000,-14213.6000000,-35.1000000,3,7,93
2011-09-26T13:14:23.674189,9400,49.0269941,8.4442380,113901,3677.4000000,-14241.1000000,-30.5000000,3,7,94
2011-09-26T13:14:23.774189,9500,49.0269977,8.4442165,113904,3661.8000000,-14264.5000000,-19.2000000,3,7,95
2011-09-26T13:14:23.874189,9600,49.0270010,8.4441970,113907,3646.3000000,-14301.8000000,-25.1000000,3,7,96
2011-09-26T13:14:23.974189,9700,49.0270042,8.4441773,113915,3630.7000000,-14351.6000000,-69.4000000,3,7,97
2011-09-26T13:14:24.074189,9800,49.0270077,8.4441557,113916,3608.6000000,-14382.7000000,4.0000000,3,7,98
2011-09-26T13:14:24.174189,9900,49.0270109,8.4441360,113909,3585.4000000,-14403.6000000,68.6000000,3,7,99
2011-09-26T13:14:24.274189,10000,49.0270144,8.4441143,113906,3575.0000000,-14441.3000000,23.6000000,3,7,100
2011-09-26T13:14:24.374189,10100,49.0270176,8.4440945,113910,3563.1000000,-14482.9000000,-38.8000000,3,7,101
2011-09-26T13:14:24.474189,10200,49.0270207,8.4440747,113918,3553.0000000,-14521.9000000,-67.3000000,3,6,102
2011-09-26T13:14:24.574189,10300,49.0270242,8.4440528,113924,3550.2000000,-14557.5000000,-57.0000000,3,6,103
2011-09-26T13:14:24.674189,10400,49.0270273,8.4440329,113926,3556.1000000,-14585.6000000,-40.1000000,3,6,104
2011-09-26T13:14:24.774189,10500,49.0270305,8.4440129,113927,3558.8000000,-14611.6000000,-24.9000000,3,6,105
2011-09-26T13:14:24.874189,10600,49.0270339,8.4439909,113928,3569.8000000,-14643.2000000,-22.6000000,3,6,106
2011-09-26T13:14:24.974189,10700,49.0270371,8.4439709,113931,3576.7000000,-14674.3000000,-40.8000000,3,6,107
2011-09-26T13:14:25.074189,10800,49.0270403,8.4439508,113935,3590.8000000,-14692.0000000,-44.6000000,3,6,108
2011-09-26T13:14:25.174189,10900,49.0270438,8.4439287,113939,3602.8000000,-14698.8000000,-41.9000000,3,6,109
2011-09-26T13:14:25.274189,11000,49.0270470,8.4439086,113944,3611.4000000,-14697.6000000,-54.2000000,3,6,110
2011-09-26T13:14:25.374189,11100,49.0270502,8.4438885,113948,3611.5000000,-14686.2000000,-47.4000000,3,6,111
2011-09-26T13:14:25.474189,11200,49.0270537,8.4438664,113952,3616.3000000,-14670.7000000,-50.0000000,3,6,112
2011-09-26T13:14:25.574189,11300,49.0270570,8.4438464,113953,3612.3000000,-14652.3000000,-26.5000000,3,6,113
2011-09-26T13:14:25.674189,11400,49.0270603,8.4438264,113952,3617.1000000,-14633.8000000,-22.6000000,3,6,114
2011-09-26T13:14:25.774189,11500,49.0270639,8.4438044,113952,3613.9000000,-14610.8000000,-29.3000000,3,6,115
2011-09-26T13:14:25.874189,11600,49.0270672,8.4437845,113951,3611.4000000,-14589.1000000,-14.7000000,3,6,116
2011-09-26T13:14:25.974189,11700,49.0270705,8.4437646,113948,3602.7000000,-14560.2000000,7.3000000,3,6,117
2011-09-26T13:14:26.074189,11800,49.0270741,8.4437428,113946,3602.8000000,-14528.3000000,20.1000000,3,6,118
2011-09-26T13:14:26.174189,11900,49.0270774,8.4437230,113946,3606.0000000,-14496.8000000,20.3000000,3,6,119
2011-09-26T13:14:26.274189,12000,49.0270807,8.4437033,113948,3615.1000000,-14465.0000000,23.6000000,3,6,120
2011-09-26T13:14:26.374189,12100,49.0270843,8.4436817,113951,3626.5000000,-14427.2000000,17.2000000,3,6,121
2011-09-26T13:14:26.474189,12200,49.0270877,8.4436620,113955,3633.1000000,-14396.0000000,12.9000000,3,6,122
2011-09-26T13:14:26.574189,12300,49.0270913,8.4436404,113954,3643.1000000,-14360.2000000,14.1000000,3,6,123
2011-09-26T13:14:26.674189,12400,49.0270947,8.4436208,113953,3652.3000000,-14325.5000000,12.7000000,3,6,124
2011-09-26T13:14:26.774189,12500,49.0270980,8.4436013,113952,3662.6000000,-14289.8000000,19.6000000,3,6,125
2011-09-26T13:14:26.874189,12600,49.0271017,8.4435799,113950,3671.4000000,-14249.1000000,18.2000000,3,6,126
2011-09-26T13:14:26.974189,12700,49.0271050,8.4435604,113949,3672.0000000,-14211.3000000,11.1000000,3,6,127
2011-09-26T13:14:27.074189,12800,49.0271084,8.4435411,113949,3672.7000000,-14172.3000000,5.8000000,3,6,128
2011-09-26T13:14:27.174189,12900,49.0271120,8.4435198,113949,3673.0000000,-14129.3000000,3.0000000,3,6,129
2011-09-26T13:14:27.274189,13000,49.0271153,8.4435005,113949,3674.2000000,-14087.4000000,-0.6000000,3,6,130
2011-09-26T13:14:27.374189,13100,49.0271186,8.4434814,113950,3673.9000000,-14048.6000000,-6.7000000,3,6,131
2011-09-26T13:14:27.474189,13200,49.0271222,8.4434603,113952,3667.3000000,-14006.6000000,-16.7000000,3,6,132
2011-09-26T13:14:27.574189,13300,49.0271254,8.4434412,113954,3655.7000000,-13967.3000000,-18.4000000,3,6,133
2011-09-26T13:14:27.674189,13400,49.0271287,8.4434222,113956,3643.8000000,-13927.1000000,-17.6000000,3,6,134
2011-09-26T13:14:27.774189,13500,49.0271323,8.4434013,113959,3636.8000000,-13883.9000000,-27.4000000,3,6,135
2011-09-26T13:14:27.874189,13600,49.0271356,8.4433824,113963,3636.3000000,-13843.1000000,-37.7000000,3,6,136
2011-09-26T13:14:27.974189,13700,49.0271392,8.4433616,113962,3644.8000000,-13798.3000000,-43.3000000,3,6,137
2011-09-26T13:14:28.074189,13800,49.0271426,8.4433429,113963,3656.1000000,-13752.9000000,-38.7000000,3,6,138
2011-09-26T13:14:28.174189,13900,49.0271459,8.4433241,113963,3664.7000000,-13706.4000000,-27.0000000,3,6,139
2011-09-26T13:14:28.274189,14000,49.0271496,8.4433036,113961,3671.9000000,-13657.7000000,-23.0000000,3,6,140
2011-09-26T13:14:28.374189,14100,49.0271529,8.4432850,113962,3677.2000000,-13617.1000000,-31.7000000,3,6,141
2011-09-26T13:14:28.474189,14200,49.0271566,8.4432647,113962,3681.7000000,-13569.9000000,-34.1000000,3,6,142
2011-09-26T13:14:28.574189,14300,49.0271599,8.4432462,113962,3671.5000000,-13529.5000000,-21.4000000,3,6,143
2011-09-26T13:14:28.674189,14400,49.0271633,8.4432278,113967,3659.3000000,-13494.0000000,-27.6000000,3,6,144
2011-09-26T13:14:28.774189,14500,49.0271666,8.4432095,113972,3639.2000000,-13458.4000000,-25.8000000,3,6,145
2011-09-26T13:14:28.874189,14600,49.0271701,8.4431893,113974,3614.6000000,-13417.7000000,-15.9000000,3,6,146
2011-09-26T13:14:28.974189,14700,49.0271734,8.4431710,113974,3589.3000000,-13381.0000000,-11.5000000,3,6,147
2011-09-26T13:14:29.074189,14800,49.0271769,8.4431510,113975,3565.7000000,-13341.5000000,-14.6000000,3,6,148
2011-09-26T13:14:29.174189,14900,49.0271801,8.4431328,113978,3553.4000000,-13303.4000000,-30.2000000,3,6,149
2011-09-26T13:14:29.274189,15000,49.0271833,8.4431147,113981,3536.1000000,-13260.3000000,-38.6000000,3,6,150
2011-09-26T13:14:29.374189,15100,49.0271864,8.4430967,113989,3529.2000000,-13230.2000000,-51.7000000,3,6,151
2011-09-26T13:14:29.474189,15200,49.0271898,8.4430768,114003,3514.5000000,-13205.4000000,-89.3000000,3,6,152
2011-09-26T13:14:29.574189,15300,49.0271928,8.4430589,114006,3495.6000000,-13161.3000000,-2.4000000,3,6,153
2011-09-26T13:14:29.674189,15400,49.0271958,8.4430410,113999,3476.6000000,-13114.7000000,63.9000000,3,6,154
2011-09-26T13:14:29.774189,15500,49.0271991,8.4430214,113992,3456.6000000,-13071.2000000,46.2000000,3,6,155
2011-09-26T13:14:29.874189,15600,49.0272025,8.4430018,113989,3435.4000000,-13037.1000000,9.6000000,3,6,156
2011-09-26T13:14:29.974189,15700,49.0272056,8.4429840,113995,3412.9000000,-13007.8000000,-28.9000000,3,6,157
2011-09-26T13:14:30.074189,15800,49.0272086,8.4429663,114002,3386.9000000,-12976.2000000,-39.1000000,3,6,158
2011-09-26T13:14:30.174189,15900,49.0272116,8.4429487,114006,3371.9000000,-12931.8000000,-24.0000000,3,6,159
2011-09-26T13:14:30.274189,16000,49.0272150,8.4429294,114016,3352.7000000,-12874.8000000,-13.6000000,3,6,160
2011-09-26T13:14:30.374189,16100,49.0272180,8.4429119,114023,3343.6000000,-12812.2000000,-13.9000000,3,6,161
2011-09-26T13:14:30.474189,16200,49.0272211,8.4428945,114033,3327.9000000,-12747.3000000,-26.0000000,3,6,162
2011-09-26T13:14:30.574189,16300,49.0272244,8.4428754,114042,3298.5000000,-12657.3000000,-31.2000000,3,6,163
2011-09-26T13:14:30.674189,16400,49.0272273,8.4428583,114049,3271.5000000,-12563.0000000,-16.5000000,3,6,164
2011-09-26T13:14:30.774189,16500,49.0272302,8.4428413,114054,3236.6000000,-12466.5000000,-26.2000000,3,7,165
2011-09-26T13:14:30.874189,16600,49.0272333,8.4428227,114063,3193.6000000,-12365.1000000,-39.7000000,3,7,166
2011-09-26T13:14:30.974189,16700,49.0272361,8.4428060,114074,3169.2000000,-12275.5000000,-39.5000000,3,7,167
2011-09-26T13:14:31.074189,16800,49.0272388,8.4427893,114086,3149.3000000,-12191.2000000,-41.1000000,3,7,168
2011-09-26T13:14:31.174189,16900,49.0272419,8.4427712,114100,3131.3000000,-12096.2000000,-30.3000000,3,7,169
2011-09-26T13:14:31.274189,17000,49.0272446,8.4427548,114112,3114.3000000,-12006.6000000,-24.8000000,3,7,170
2011-09-26T13:14:31.374189,17100,49.0272476,8.4427369,114126,3083.6000000,-11907.0000000,-32.2000000,3,7,171
2011-09-26T13:14:31.474189,17200,49.0272502,8.4427208,114138,3047.1000000,-11813.4000000,-40.6000000,3,7,172
2011-09-26T13:14:31.574189,17300,49.0272529,8.4427048,114150,3006.4000000,-11713.0000000,-42.6000000,3,7,173
2011-09-26T13:14:31.674189,17400,49.0272558,8.4426874,114160,2968.0000000,-11598.4000000,-44.0000000,3,7,174
2011-09-26T13:14:31.774189,17500,49.0272584,8.4426717,114168,2934.0000000,-11498.3000000,-40.9000000,3,7,175
2011-09-26T13:14:31.874189,17600,49.0272610,8.4426561,114175,2896.0000000,-11404.8000000,-44.6000000,3,7,176
2011-09-26T13:14:31.974189,17700,49.0272638,8.4426390,114184,2856.6000000,-11315.3000000,-57.7000000,3,7,177
2011-09-26T13:14:32.074189,17800,49.0272663,8.4426237,114192,2805.5000000,-11224.2000000,-64.9000000,3,7,178
2011-09-26T13:14:32.174189,17900,49.0272688,8.4426085,114199,2750.9000000,-11129.5000000,-50.1000000,3,7,179
2011-09-26T13:14:32.274189,18000,49.0272714,8.4425919,114205,2686.0000000,-11004.6000000,-48.2000000,3,7,180
2011-09-26T13:14:32.374189,18100,49.0272738,8.4425770,114211,2631.0000000,-10885.6000000,-50.1000000,3,7,181
2011-09-26T13:14:32.474189,18200,49.0272763,8.4425608,114220,2563.5000000,-10736.5000000,-59.1000000,3,7,182
2011-09-26T13:14:32.574189,18300,49.0272785,8.4425463,114226,2503.4000000,-10589.5000000,-48.8000000,3,7,183
2011-09-26T13:14:32.674189,18400,49.0272806,8.4425320,114232,2439.8000000,-10436.5000000,-47.4000000,3,6,184
2011-09-26T13:14:32.774189,18500,49.0272827,8.4425180,114238,2381.3000000,-10273.7000000,-50.7000000,3,6,185
2011-09-26T13:14:32.874189,18600,49.0272850,8.4425028,114245,2311.7000000,-10083.9000000,-55.7000000,3,6,186
2011-09-26T13:14:32.974189,18700,49.0272870,8.4424892,114251,2248.5000000,-9898.8000000,-55.6000000,3,6,187
2011-09-26T13:14:33.074189,18800,49.0272891,8.4424746,114257,2179.2000000,-9677.5000000,-47.6000000,3,6,188
2011-09-26T13:14:33.174189,18900,49.0272910,8.4424617,114261,2111.5000000,-9465.4000000,-42.6000000,3,6,189
2011-09-26T13:14:33.274189,19000,49.0272928,8.4424490,114266,2040.1000000,-9242.1000000,-42.1000000,3,6,190
2011-09-26T13:14:33.374189,19100,49.0272947,8.4424355,114271,1959.7000000,-8983.9000000,-46.7000000,3,6,191
2011-09-26T13:14:33.474189,19200,49.0272964,8.4424236,114275,1887.2000000,-8746.2000000,-39.2000000,3,6,192
2011-09-26T13:14:33.574189,19300,49.0272980,8.4424119,114278,1811.6000000,-8511.3000000,-36.8000000,3,6,193
2011-09-26T13:14:33.674189,19400,49.0272997,8.4423995,114283,1740.3000000,-8256.0000000,-36.2000000,3,6,194
2011-09-26T13:14:33.774189,19500,49.0273012,8.4423885,114287,1681.4000000,-8021.9000000,-45.0000000,3,6,195
2011-09-26T13:14:33.874189,19600,49.0273028,8.4423769,114293,1617.5000000,-7766.4000000,-55.2000000,3,6,196
2011-09-26T13:14:33.974189,19700,49.0273041,8.4423666,114297,1559.4000000,-7534.7000000,-55.3000000,3,6,197
2011-09-26T13:14:34.074189,19800,49.0273054,8.4423566,114298,1501.8000000,-7310.2000000,-55.6000000,3,6,198
2011-09-26T13:14:34.174189,19900,49.0273067,8.4423460,114294,1453.3000000,-7065.1000000,-47.4000000,3,6,199
2011-09-26T13:14:34.274189,20000,49.0273079,8.4423367,114292,1400.1000000,-6850.2000000,-39.1000000,3,6,200
2011-09-26T13:14:34.374189,20100,49.0273090,8.4423276,114292,1369.0000000,-6646.8000000,-55.5000000,3,6,201
2011-09-26T13:14:34.474189,20200,49.0273103,8.4423180,114293,1361.8000000,-6421.0000000,-59.7000000,3,6,202
2011-09-26T13:14:34.574189,20300,49.0273114,8.4423095,114296,1337.8000000,-6212.7000000,-68.9000000,3,6,203
2011-09-26T13:14:34.674189,20400,49.0273125,8.4423014,114302,1293.6000000,-6007.7000000,-74.9000000,3,6,204
2011-09-26T13:14:34.774189,20500,49.0273138,8.4422927,114308,1264.9000000,-5773.1000000,-46.0000000,3,6,205
2011-09-26T13:14:34.874189,20600,49.0273149,8.4422852,114311,1242.4000000,-5562.4000000,-20.1000000,3,6,206
2011-09-26T13:14:34.974189,20700,49.0273159,8.4422778,114317,1212.2000000,-5367.4000000,-16.1000000,3,6,207
2011-09-26T13:14:35.074189,20800,49.0273170,8.4422700,114325,1177.0000000,-5183.0000000,-31.8000000,3,6,208
2011-09-26T13:14:35.174189,20900,49.0273179,8.4422631,114331,1150.8000000,-5036.2000000,-39.1000000,3,6,209
2011-09-26T13:14:35.274189,21000,49.0273189,8.4422563,114336,1132.6000000,-4938.2000000,-42.7000000,3,6,210
2011-09-26T13:14:35.374189,21100,49.0273198,8.4422490,114337,1138.1000000,-4884.5000000,-35.8000000,3,6,211
2011-09-26T13:14:35.474189,21200,49.0273207,8.4422423,114338,1146.7000000,-4853.9000000,-32.2000000,3,6,212
2011-09-26T13:14:35.574189,21300,49.0273216,8.4422350,114339,1147.2000000,-4831.2000000,-33.3000000,3,6,213
2011-09-26T13:14:35.674189,21400,49.0273226,8.4422285,114340,1139.6000000,-4820.4000000,-27.3000000,3,6,214
2011-09-26T13:14:35.774189,21500,49.0273234,8.4422219,114341,1118.1000000,-4780.2000000,-30.1000000,3,6,215
2011-09-26T13:14:35.874189,21600,49.0273245,8.4422149,114345,1127.5000000,-4675.5000000,-40.7000000,3,6,216
2011-09-26T13:14:35.974189,21700,49.0273254,8.4422086,114347,1158.3000000,-4582.8000000,-43.5000000,3,6,217
2011-09-26T13:14:36.074189,21800,49.0273264,8.4422024,114349,1141.6000000,-4539.6000000,-30.1000000,3,6,218
2011-09-26T13:14:36.174189,21900,49.0273275,8.4421956,114364,1107.8000000,-4535.4000000,-38.5000000,3,6,219
2011-09-26T13:14:36.274189,22000,49.0273285,8.4421893,114363,1090.8000000,-4539.9000000,53.0000000,3,6,220
2011-09-26T13:14:36.374189,22100,49.0273295,8.4421832,114382,1074.8000000,-4521.1000000,-144.5000000,3,6,221
2011-09-26T13:14:36.474189,22200,49.0273307,8.4421764,114440,1153.6000000,-4464.7000000,-442.7000000,3,6,222
2011-09-26T13:14:36.574189,22300,49.0273318,8.4421704,114498,1193.3000000,-4403.9000000,-522.3000000,3,6,223
2011-09-26T13:14:36.674189,22400,49.0273329,8.4421645,114547,1143.5000000,-4345.2000000,-435.1000000,3,6,224
2011-09-26T13:14:36.774189,22500,49.0273340,8.4421580,114571,1116.6000000,-4279.2000000,-184.9000000,3,6,225
2011-09-26T13:14:36.874189,22600,49.0273350,8.4421522,114570,1087.8000000,-4242.9000000,13.7000000,3,6,226
2011-09-26T13:14:36.974189,22700,49.0273361,8.4421459,114563,1087.2000000,-4222.2000000,61.6000000,3,6,227
2011-09-26T13:14:37.074189,22800,49.0273372,8.4421401,114566,1118.9000000,-4206.9000000,11.6000000,3,6,228
2011-09-26T13:14:37.174189,22900,49.0273382,8.4421344,114574,1122.6000000,-4201.5000000,-17.6000000,3,6,229
2011-09-26T13:14:37.274189,23000,49.0273394,8.4421281,114588,1124.8000000,-4214.5000000,-82.6000000,3,6,230
2011-09-26T13:14:37.374189,23100,49.0273404,8.4421224,114601,1142.6000000,-4212.9000000,-93.0000000,3,6,231
2011-09-26T13:14:37.474189,23200,49.0273415,8.4421166,114610,1127.1000000,-4217.5000000,-59.1000000,3,6,232
2011-09-26T13:14:37.574189,23300,49.0273426,8.4421103,114620,1130.8000000,-4194.0000000,-28.9000000,3,6,233
2011-09-26T13:14:37.674189,23400,49.0273438,8.4421048,114630,1177.6000000,-4094.8000000,-15.0000000,3,6,234
2011-09-26T13:14:37.774189,23500,49.0273450,8.4420988,114634,1151.6000000,-4024.0000000,52.6000000,3,6,235
2011-09-26T13:14:37.874189,23600,49.0273461,8.4420933,114621,1103.8000000,-4006.7000000,193.3000000,3,6,236
2011-09-26T13:14:37.974189,23700,49.0273471,8.4420879,114595,1085.2000000,-4010.6000000,299.3000000,3,6,237
2011-09-26T13:14:38.074189,23800,49.0273483,8.4420818,114562,1092.7000000,-4026.3000000,327.5000000,3,6,238
2011-09-26T13:14:38.174189,23900,49.0273494,8.4420763,114534,1160.0000000,-4005.7000000,308.9000000,3,6,239
2011-09-26T13:14:38.274189,24000,49.0273505,8.4420709,114533,1227.3000000,-3979.5000000,47.6000000,3,6,240
2011-09-26T13:14:38.374189,24100,49.0273517,8.4420649,114563,1204.0000000,-3992.8000000,-193.4000000,3,6,241
2011-09-26T13:14:38.474189,24200,49.0273528,8.4420595,114588,1177.0000000,-3993.0000000,-215.0000000,3,6,242
2011-09-26T13:14:38.574189,24300,49.0273539,8.4420540,114599,1177.6000000,-4047.5000000,-94.6000000,3,6,243
2011-09-26T13:14:38.674189,24400,49.0273551,8.4420477,114607,1203.9000000,-4176.1000000,-2.7000000,3,6,244
2011-09-26T13:14:38.774189,24500,49.0273564,8.4420417,114610,1278.4000000,-4331.4000000,11.0000000,3,6,245
2011-09-26T13:14:38.874189,24600,49.0273577,8.4420355,114617,1371.9000000,-4517.7000000,-22.4000000,3,6,246
2011-09-26T13:14:38.974189,24700,49.0273593,8.4420283,114628,1460.3000000,-4745.9000000,-74.2000000,3,6,247
2011-09-26T13:14:39.074189,24800,49.0273608,8.4420215,114641,1531.5000000,-4956.8000000,-88.8000000,3,6,248
2011-09-26T13:14:39.174189,24900,49.0273623,8.4420144,114651,1593.9000000,-5164.6000000,-82.9000000,3,6,249
2011-09-26T13:14:39.274189,25000,49.0273640,8.4420063,114663,1678.2000000,-5371.0000000,-91.8000000,3,6,250
2011-09-26T13:14:39.374189,25100,49.0273657,8.4419987,114671,1747.7000000,-5527.7000000,-73.9000000,3,6,251
2011-09-26T13:14:39.474189,25200,49.0273675,8.4419901,114678,1802.2000000,-5674.5000000,-58.7000000,3,6,252
2011-09-26T13:14:39.574189,25300,49.0273692,8.4419822,114684,1851.1000000,-5785.9000000,-58.7000000,3,6,253
2011-09-26T13:14:39.674189,25400,49.0273710,8.4419741,114691,1885.6000000,-5879.9000000,-64.3000000,3,6,254
2011-09-26T13:14:39.774189,25500,49.0273729,8.4419651,114698,1920.0000000,-5958.1000000,-68.8000000,3,6,255
2011-09-26T13:14:39.874189,25600,49.0273747,8.4419569,114707,1949.0000000,-6016.6000000,-59.7000000,3,6,256
2011-09-26T13:14:39.974189,25700,49.0273765,8.4419484,114722,1970.0000000,-6077.2000000,-49.2000000,3,6,257
2011-09-26T13:14:40.074189,25800,49.0273784,8.4419391,114732,1993.8000000,-6156.5000000,-36.2000000,3,6,258
2011-09-26T13:14:40.174189,25900,49.0273802,8.4419305,114743,2019.5000000,-6234.3000000,-34.1000000,3,6,259
2011-09-26T13:14:40.274189,26000,49.0273820,8.4419218,114750,2044.0000000,-6317.0000000,-32.1000000,3,6,260
2011-09-26T13:14:40.374189,26100,49.0273841,8.4419121,114757,2075.7000000,-6407.9000000,-30.6000000,3,6,261
2011-09-26T13:14:40.474189,26200,49.0273860,8.4419031,114763,2095.8000000,-6489.0000000,-33.3000000,3,6,262
2011-09-26T13:14:40.574189,26300,49.0273881,8.4418932,114770,2108.3000000,-6576.4000000,-39.1000000,3,6,263
2011-09-26T13:14:40.674189,26400,49.0273900,8.4418840,114776,2124.1000000,-6652.7000000,-40.5000000,3,6,264
2011-09-26T13:14:40.774189,26500,49.0273919,8.4418748,114782,2139.7000000,-6726.6000000,-46.6000000,3,6,265
2011-09-26T13:14:40.874189,26600,49.0273940,8.4418645,114787,2149.3000000,-6811.3000000,-48.8000000,3,6,266
2011-09-26T13:14:40.974189,26700,49.0273959,8.4418550,114792,2161.7000000,-6884.5000000,-51.0000000,3,6,267
2011-09-26T13:14:41.074189,26800,49.0273979,8.4418455,114798,2169.0000000,-6958.0000000,-53.6000000,3,6,268
2011-09-26T13:14:41.174189,26900,49.0273999,8.4418347,114813,2171.3000000,-7044.2000000,-54.8000000,3,6,269
2011-09-26T13:14:41.274189,27000,49.0274018,8.4418248,114831,2170.6000000,-7124.4000000,-59.7000000,3,6,270
2011-09-26T13:14:41.374189,27100,49.0274037,8.4418148,114846,2174.3000000,-7205.9000000,-67.4000000,3,6,271
2011-09-26T13:14:41.474189,27200,49.0274059,8.4418037,114864,2180.6000000,-7294.5000000,-78.2000000,3,6,272
2011-09-26T13:14:41.574189,27300,49.0274078,8.4417935,114878,2180.3000000,-7380.1000000,-90.5000000,3,6,273
2011-09-26T13:14:41.674189,27400,49.0274099,8.4417822,114895,2183.4000000,-7472.6000000,-92.5000000,3,6,274
2011-09-26T13:14:41.774189,27500,49.0274119,8.4417718,114908,2185.9000000,-7556.9000000,-95.4000000,3,6,275
2011-09-26T13:14:41.874189,27600,49.0274139,8.4417613,114919,2191.3000000,-7637.5000000,-96.5000000,3,6,276
2011-09-26T13:14:41.974189,27700,49.0274160,8.4417496,114931,2192.8000000,-7725.0000000,-92.0000000,3,6,277
2011-09-26T13:14:42.074189,27800,49.0274180,8.4417388,114942,2185.9000000,-7806.2000000,-93.7000000,3,6,278
2011-09-26T13:14:42.174189,27900,49.0274200,8.4417280,114953,2191.9000000,-7885.7000000,-92.8000000,3,6,279
2011-09-26T13:14:42.274189,28000,49.0274221,8.4417160,114965,2201.4000000,-7977.8000000,-117.3000000,3,6,280
2011-09-26T13:14:42.374189,28100,49.0274241,8.4417049,114978,2204.6000000,-8061.5000000,-143.1000000,3,7,281
2011-09-26T13:14:42.474189,28200,49.0274260,8.4416937,114998,2205.4000000,-8136.8000000,-161.2000000,3,7,282
2011-09-26T13:14:42.574189,28300,49.0274281,8.4416812,115020,2193.4000000,-8214.9000000,-144.0000000,3,7,283
2011-09-26T13:14:42.674189,28400,49.0274299,8.4416698,115035,2183.1000000,-8278.2000000,-122.7000000,3,7,284
2011-09-26T13:14:42.774189,28500,49.0274318,8.4416584,115048,2173.3000000,-8333.9000000,-125.8000000,3,7,285
2011-09-26T13:14:42.874189,28600,49.0274339,8.4416457,115065,2148.9000000,-8400.9000000,-139.2000000,3,7,286
2011-09-26T13:14:42.974189,28700,49.0274357,8.4416340,115081,2113.6000000,-8461.2000000,-152.2000000,3,7,287
2011-09-26T13:14:43.074189,28800,49.0274377,8.4416213,115103,2106.1000000,-8504.7000000,-175.0000000,3,7,288
2011-09-26T13:14:43.174189,28900,49.0274396,8.4416097,115122,2096.8000000,-8539.9000000,-143.5000000,3,7,289
2011-09-26T13:14:43.274189,29000,49.0274415,8.4415981,115130,2080.8000000,-8572.2000000,-102.6000000,3,7,290
2011-09-26T13:14:43.374189,29100,49.0274436,8.4415852,115143,2082.3000000,-8600.7000000,-129.4000000,3,7,291
2011-09-26T13:14:43.474189,29200,49.0274456,8.4415735,115156,2087.7000000,-8616.7000000,-136.3000000,3,7,292
2011-09-26T13:14:43.574189,29300,49.0274477,8.4415605,115170,2085.4000000,-8635.2000000,-130.4000000,3,7,293
2011-09-26T13:14:43.674189,29400,49.0274496,8.4415487,115179,2081.2000000,-8653.5000000,-117.9000000,3,7,294
2011-09-26T13:14:43.774189,29500,49.0274515,8.4415369,115188,2074.0000000,-8667.5000000,-125.5000000,3,7,295
2011-09-26T13:14:43.874189,29600,49.0274534,8.4415251,115199,2056.6000000,-8672.6000000,-128.8000000,3,7,296
2011-09-26T13:14:43.974189,29700,49.0274555,8.4415121,115210,2041.9000000,-8668.2000000,-134.9000000,3,7,297
2011-09-26T13:14:44.074189,29800,49.0274573,8.4415003,115222,2041.1000000,-8656.1000000,-138.7000000,3,7,298
2011-09-26T13:14:44.174189,29900,49.0274592,8.4414885,115233,2039.1000000,-8639.5000000,-139.8000000,3,7,299
2011-09-26T13:14:44.274189,30000,49.0274612,8.4414756,115245,2037.3000000,-8622.2000000,-138.0000000,3,7,300
2011-09-26T13:14:44.374189,30100,49.0274631,8.4414639,115254,2040.3000000,-8600.8000000,-132.9000000,3,7,301
2011-09-26T13:14:44.474189,30200,49.0274651,8.4414510,115265,2027.7000000,-8580.3000000,-131.0000000,3,7,302
2011-09-26T13:14:44.574189,30300,49.0274670,8.4414394,115275,2018.5000000,-8559.7000000,-130.0000000,3,7,303
2011-09-26T13:14:44.674189,30400,49.0274688,8.4414277,115283,2014.6000000,-8536.0000000,-128.9000000,3,7,304
2011-09-26T13:14:44.774189,30500,49.0274709,8.4414150,115291,2012.5000000,-8509.2000000,-126.5000000,3,7,305
2011-09-26T13:14:44.874189,30600,49.0274727,8.4414034,115300,2004.6000000,-8482.2000000,-130.1000000,3,7,306
2011-09-26T13:14:44.974189,30700,49.0274745,8.4413919,115310,1997.7000000,-8454.2000000,-130.3000000,3,7,307
2011-09-26T13:14:45.074189,30800,49.0274763,8.4413793,115309,1986.9000000,-8422.5000000,-129.5000000,3,7,308
2011-09-26T13:14:45.174189,30900,49.0274780,8.4413680,115312,1981.1000000,-8392.5000000,-139.1000000,3,7,309
2011-09-26T13:14:45.274189,31000,49.0274798,8.4413568,115315,1974.1000000,-8360.2000000,-157.3000000,3,7,310
2011-09-26T13:14:45.374189,31100,49.0274818,8.4413445,115324,1967.4000000,-8323.1000000,-163.7000000,3,7,311
2011-09-26T13:14:45.474189,31200,49.0274836,8.4413334,115336,1956.0000000,-8289.6000000,-167.8000000,3,7,312
2011-09-26T13:14:45.574189,31300,49.0274854,8.4413222,115352,1946.9000000,-8253.0000000,-171.1000000,3,7,313
2011-09-26T13:14:45.674189,31400,49.0274873,8.4413100,115361,1940.9000000,-8213.8000000,-177.8000000,3,7,314
2011-09-26T13:14:45.774189,31500,49.0274891,8.4412989,115373,1931.2000000,-8180.7000000,-184.7000000,3,7,315
2011-09-26T13:14:45.874189,31600,49.0274911,8.4412867,115387,1926.9000000,-8141.1000000,-198.3000000,3,7,316
2011-09-26T13:14:45.974189,31700,49.0274928,8.4412757,115403,1913.9000000,-8105.1000000,-208.8000000,3,7,317
2011-09-26T13:14:46.074189,31800,49.0274948,8.4412636,115416,1905.2000000,-8061.4000000,-204.4000000,3,7,318
2011-09-26T13:14:46.174189,31900,49.0274966,8.4412527,115429,1899.8000000,-8017.4000000,-205.3000000,3,6,319
2011-09-26T13:14:46.274189,32000,49.0274983,8.4412418,115443,1890.4000000,-7973.0000000,-208.9000000,3,6,320
2011-09-26T13:14:46.374189,32100,49.0275001,8.4412310,115458,1880.9000000,-7937.5000000,-223.2000000,3,6,321
2011-09-26T13:14:46.474189,32200,49.0275020,8.4412192,115480,1880.8000000,-7897.1000000,-249.0000000,3,6,322
2011-09-26T13:14:46.574189,32300,49.0275037,8.4412085,115502,1876.6000000,-7858.8000000,-290.7000000,3,6,323
2011-09-26T13:14:46.674189,32400,49.0275055,8.4411978,115523,1855.8000000,-7817.5000000,-279.6000000,3,6,324
2011-09-26T13:14:46.774189,32500,49.0275073,8.4411862,115543,1836.5000000,-7770.6000000,-248.2000000,3,6,325
2011-09-26T13:14:46.874189,32600,49.0275090,8.4411756,115560,1819.8000000,-7724.7000000,-227.6000000,3,6,326
2011-09-26T13:14:46.974189,32700,49.0275108,8.4411641,115580,1798.3000000,-7664.4000000,-228.6000000,3,6,327
2011-09-26T13:14:47.074189,32800,49.0275125,8.4411538,115598,1778.7000000,-7597.0000000,-239.2000000,3,6,328
2011-09-26T13:14:47.174189,32900,49.0275141,8.4411436,115616,1750.1000000,-7502.1000000,-247.6000000,3,6,329
2011-09-26T13:14:47.274189,33000,49.0275158,8.4411325,115637,1705.6000000,-7358.7000000,-252.2000000,3,6,330
2011-09-26T13:14:47.374189,33100,49.0275174,8.4411227,115657,1661.5000000,-7211.0000000,-249.3000000,3,6,331
2011-09-26T13:14:47.474189,33200,49.0275189,8.4411131,115676,1627.3000000,-7049.1000000,-238.7000000,3,6,332
2011-09-26T13:14:47.574189,33300,49.0275205,8.4411028,115694,1576.4000000,-6863.0000000,-229.9000000,3,6,333
2011-09-26T13:14:47.674189,33400,49.0275219,8.4410938,115709,1516.9000000,-6687.0000000,-229.5000000,3,6,334
2011-09-26T13:14:47.774189,33500,49.0275233,8.4410849,115726,1477.7000000,-6492.1000000,-232.9000000,3,6,335
2011-09-26T13:14:47.874189,33600,49.0275247,8.4410756,115746,1454.6000000,-6261.8000000,-230.7000000,3,6,336
2011-09-26T13:14:47.974189,33700,49.0275260,8.4410674,115763,1416.5000000,-6040.4000000,-216.5000000,3,6,337
2011-09-26T13:14:48.074189,33800,49.0275273,8.4410595,115776,1367.1000000,-5820.4000000,-194.3000000,3,6,338
2011-09-26T13:14:48.174189,33900,49.0275287,8.4410512,115788,1320.7000000,-5582.4000000,-197.7000000,3,6,339
2011-09-26T13:14:48.274189,34000,49.0275299,8.4410440,115797,1296.2000000,-5360.2000000,-186.4000000,3,6,340
2011-09-26T13:14:48.374189,34100,49.0275313,8.4410365,115801,1264.4000000,-5113.6000000,-190.2000000,3,6,341
2011-09-26T13:14:48.474189,34200,49.0275325,8.4410300,115813,1229.5000000,-4895.5000000,-209.2000000,3,6,342
2011-09-26T13:14:48.574189,34300,49.0275338,8.4410238,115824,1200.2000000,-4694.3000000,-202.3000000,3,6,343
2011-09-26T13:14:48.674189,34400,49.0275351,8.4410172,115837,1172.6000000,-4486.4000000,-173.3000000,3,6,344
2011-09-26T13:14:48.774189,34500,49.0275364,8.4410115,115847,1151.4000000,-4313.7000000,-147.8000000,3,6,345
2011-09-26T13:14:48.874189,34600,49.0275375,8.4410059,115858,1137.8000000,-4164.5000000,-137.8000000,3,6,346
2011-09-26T13:14:48.974189,34700,49.0275388,8.4410000,115869,1133.1000000,-4049.3000000,-143.3000000,3,6,347
2011-09-26T13:14:49.074189,34800,49.0275400,8.4409946,115880,1144.4000000,-3970.0000000,-156.3000000,3,7,348
2011-09-26T13:14:49.174189,34900,49.0275412,8.4409894,115891,1144.6000000,-3873.4000000,-151.6000000,3,7,349
2011-09-26T13:14:49.274189,35000,49.0275424,8.4409838,115902,1122.5000000,-3786.1000000,-145.9000000,3,7,350
2011-09-26T13:14:49.374189,35100,49.0275435,8.4409788,115914,1096.9000000,-3730.0000000,-151.5000000,3,7,351
2011-09-26T13:14:49.474189,35200,49.0275447,8.4409734,115927,1094.8000000,-3669.8000000,-166.9000000,3,7,352
2011-09-26T13:14:49.574189,35300,49.0275458,8.4409685,115938,1116.7000000,-3623.6000000,-179.4000000,3,6,353
2011-09-26T13:14:49.674189,35400,49.0275471,8.4409632,115950,1170.4000000,-3574.0000000,-141.5000000,3,6,354
2011-09-26T13:14:49.774189,35500,49.0275482,8.4409585,115965,1201.9000000,-3508.6000000,-231.2000000,3,6,355
2011-09-26T13:14:49.874189,35600,49.0275494,8.4409538,116002,1199.1000000,-3464.2000000,-403.0000000,3,6,356
2011-09-26T13:14:49.974189,35700,49.0275506,8.4409487,116051,1146.1000000,-3423.5000000,-452.0000000,3,6,357
2011-09-26T13:14:50.074189,35800,49.0275517,8.4409441,116082,1110.9000000,-3419.0000000,-344.0000000,3,6,358
2011-09-26T13:14:50.174189,35900,49.0275527,8.4409395,116105,1135.1000000,-3408.5000000,-261.7000000,3,6,359
2011-09-26T13:14:50.274189,36000,49.0275540,8.4409344,116119,1182.8000000,-3407.9000000,-146.7000000,3,6,360
2011-09-26T13:14:50.374189,36100,49.0275551,8.4409297,116121,1250.3000000,-3402.0000000,-43.3000000,3,6,361
2011-09-26T13:14:50.474189,36200,49.0275564,8.4409251,116117,1334.9000000,-3397.1000000,15.7000000,3,6,362
2011-09-26T13:14:50.574189,36300,49.0275578,8.4409200,116114,1392.9000000,-3418.7000000,5.3000000,3,6,363
2011-09-26T13:14:50.674189,36400,49.0275591,8.4409153,116118,1430.3000000,-3439.3000000,-42.1000000,3,6,364
2011-09-26T13:14:50.774189,36500,49.0275604,8.4409106,116124,1462.0000000,-3450.3000000,-76.2000000,3,6,365
2011-09-26T13:14:50.874189,36600,49.0275620,8.4409054,116137,1506.6000000,-3452.6000000,-127.8000000,3,6,366
2011-09-26T13:14:50.974189,36700,49.0275635,8.4409006,116154,1565.3000000,-3438.6000000,-182.4000000,3,6,367
2011-09-26T13:14:51.074189,36800,49.0275651,8.4408960,116174,1666.4000000,-3384.6000000,-203.8000000,3,7,368
2011-09-26T13:14:51.174189,36900,49.0275669,8.4408909,116191,1754.9000000,-3342.4000000,-164.9000000,3,7,369
2011-09-26T13:14:51.274189,37000,49.0275685,8.4408863,116202,1799.8000000,-3331.4000000,-121.0000000,3,7,370
2011-09-26T13:14:51.374189,37100,49.0275703,8.4408817,116210,1875.3000000,-3307.4000000,-97.3000000,3,7,371
2011-09-26T13:14:51.474189,37200,49.0275723,8.4408768,116220,1985.9000000,-3280.3000000,-97.0000000,3,7,372
2011-09-26T13:14:51.574189,37300,49.0275742,8.4408723,116228,2068.5000000,-3269.2000000,-83.9000000,3,7,373
2011-09-26T13:14:51.674189,37400,49.0275764,8.4408673,116235,2149.4000000,-3272.7000000,-70.0000000,3,7,374
2011-09-26T13:14:51.774189,37500,49.0275784,8.4408629,116241,2249.8000000,-3260.1000000,-74.7000000,3,7,375
2011-09-26T13:14:51.874189,37600,49.0275808,8.4408580,116250,2361.1000000,-3236.6000000,-85.3000000,3,7,376
2011-09-26T13:14:51.974189,37700,49.0275830,8.4408536,116260,2476.6000000,-3206.9000000,-95.3000000,3,6,377
2011-09-26T13:14:52.074189,37800,49.0275856,8.4408492,116268,2601.6000000,-3176.9000000,-108.2000000,3,6,378
2011-09-26T13:14:52.174189,37900,49.0275884,8.4408445,116278,2722.6000000,-3159.3000000,-108.6000000,3,6,379
2011-09-26T13:14:52.274189,38000,49.0275911,8.4408402,116287,2828.6000000,-3153.7000000,-108.6000000,3,6,380
2011-09-26T13:14:52.374189,38100,49.0275939,8.4408360,116293,2946.1000000,-3131.4000000,-85.7000000,3,6,381
2011-09-26T13:14:52.474189,38200,49.0275971,8.4408314,116306,3088.3000000,-3048.2000000,-134.7000000,3,6,382
2011-09-26T13:14:52.574189,38300,49.0276001,8.4408274,116323,3194.5000000,-2943.7000000,-170.6000000,3,6,383
2011-09-26T13:14:52.674189,38400,49.0276034,8.4408231,116337,3252.9000000,-2832.7000000,-138.8000000,3,6,384
2011-09-26T13:14:52.774189,38500,49.0276064,8.4408194,116347,3270.4000000,-2709.1000000,-115.2000000,3,6,385
2011-09-26T13:14:52.874189,38600,49.0276095,8.4408157,116363,3268.9000000,-2564.4000000,-120.4000000,3,6,386
2011-09-26T13:14:52.974189,38700,49.0276130,8.4408118,116379,3244.0000000,-2375.3000000,-106.7000000,3,6,387
2011-09-26T13:14:53.074189,38800,49.0276160,8.4408087,116390,3215.8000000,-2192.2000000,-91.8000000,3,6,388
2011-09-26T13:14:53.174189,38900,49.0276190,8.4408057,116400,3152.3000000,-2005.0000000,-73.9000000,3,6,389
2011-09-26T13:14:53.274189,39000,49.0276219,8.4408031,116411,3064.1000000,-1829.8000000,-94.9000000,3,6,390
2011-09-26T13:14:53.374189,39100,49.0276249,8.4408005,116429,2953.3000000,-1630.0000000,-142.7000000,3,6,391
2011-09-26T13:14:53.474189,39200,49.0276276,8.4407986,116441,2833.3000000,-1452.6000000,-125.2000000,3,7,392
2011-09-26T13:14:53.574189,39300,49.0276304,8.4407968,116448,2666.4000000,-1307.1000000,-99.3000000,3,7,393
2011-09-26T13:14:53.674189,39400,49.0276327,8.4407954,116456,2502.6000000,-1183.8000000,-106.9000000,3,7,394
2011-09-26T13:14:53.774189,39500,49.0276349,8.4407941,116465,2342.0000000,-1036.1000000,-119.7000000,3,7,395
2011-09-26T13:14:53.874189,39600,49.0276371,8.4407931,116474,2162.7000000,-860.1000000,-110.3000000,3,7,396
2011-09-26T13:14:53.974189,39700,49.0276388,8.4407923,116479,1978.2000000,-729.4000000,-83.8000000,3,7,397
2011-09-26T13:14:54.074189,39800,49.0276403,8.4407917,116481,1802.4000000,-627.7000000,-67.9000000,3,7,398
2011-09-26T13:14:54.174189,39900,49.0276418,8.4407911,116485,1624.3000000,-536.0000000,-71.8000000,3,7,399
2011-09-26T13:14:54.274189,40000,49.0276431,8.4407906,116491,1465.2000000,-465.0000000,-85.6000000,3,7,400
2011-09-26T13:14:54.374189,40100,49.0276442,8.4407902,116498,1298.5000000,-396.0000000,-99.9000000,3,11,401
2011-09-26T13:14:54.474189,40200,49.0276453,8.4407899,116507,1108.1000000,-312.1000000,-106.8000000,3,11,402
2011-09-26T13:14:54.574189,40300,49.0276461,8.4407897,116514,942.9000000,-239.5000000,-94.3000000,3,11,403
2011-09-26T13:14:54.674189,40400,49.0276468,8.4407895,116519,811.8000000,-185.6000000,-71.0000000,3,11,404
2011-09-26T13:14:54.774189,40500,49.0276474,8.4407894,116522,697.7000000,-141.0000000,-56.8000000,3,11,405
2011-09-26T13:14:54.874189,40600,49.0276479,8.4407894,116526,611.7000000,-103.8000000,-53.5000000,3,11,406
2011-09-26T13:14:54.974189,40700,49.0276484,8.4407893,116529,531.5000000,-90.4000000,-62.2000000,3,11,407
2011-09-26T13:14:55.074189,40800,49.0276488,8.4407892,116534,465.6000000,-73.2000000,-70.0000000,3,11,408
2011-09-26T13:14:55.174189,40900,49.0276491,8.4407891,116538,414.0000000,-40.6000000,-73.1000000,3,11,409
2011-09-26T13:14:55.274189,41000,49.0276493,8.4407891,116543,352.2000000,-21.7000000,-77.7000000,3,11,410
2011-09-26T13:14:55.374189,41100,49.0276496,8.4407890,116545,277.0000000,-10.9000000,-76.4000000,3,7,411
2011-09-26T13:14:55.474189,41200,49.0276499,8.4407891,116543,221.4000000,11.0000000,-71.1000000,3,7,412
2011-09-26T13:14:55.574189,41300,49.0276501,8.4407891,116540,167.9000000,33.3000000,-69.2000000,3,7,413
2011-09-26T13:14:55.674189,41400,49.0276502,8.4407892,116541,110.0000000,49.8000000,-71.9000000,3,7,414
2011-09-26T13:14:55.774189,41500,49.0276504,8.4407894,116541,83.1000000,58.5000000,-69.2000000,3,7,415
2011-09-26T13:14:55.874189,41600,49.0276505,8.4407896,116540,104.3000000,55.2000000,-67.9000000,3,6,416
2011-09-26T13:14:55.974189,41700,49.0276507,8.4407897,116541,116.2000000,57.9000000,-67.7000000,3,6,417
2011-09-26T13:14:56.074189,41800,49.0276508,8.4407899,116541,111.7000000,61.4000000,-64.7000000,3,6,418
2011-09-26T13:14:56.174189,41900,49.0276509,8.4407900,116544,113.9000000,62.2000000,-62.4000000,3,6,419
2011-09-26T13:14:56.274189,42000,49.0276511,8.4407901,116537,118.8000000,62.5000000,-64.2000000,3,6,420
2011-09-26T13:14:56.374189,42100,49.0276513,8.4407903,116525,121.1000000,63.9000000,-62.8000000,3,6,421
2011-09-26T13:14:56.474189,42200,49.0276516,8.4407906,116505,123.3000000,69.6000000,-59.7000000,3,6,422
2011-09-26T13:14:56.574189,42300,49.0276518,8.4407908,116495,127.2000000,72.8000000,-58.4000000,3,6,423
2011-09-26T13:14:56.674189,42400,49.0276521,8.4407911,116479,133.8000000,75.6000000,-55.8000000,3,6,424
2011-09-26T13:14:56.774189,42500,49.0276523,8.4407912,116465,135.0000000,80.0000000,-54.6000000,3,6,425
2011-09-26T13:14:56.874189,42600,49.0276524,8.4407913,116446,136.6000000,82.0000000,-51.6000000,3,7,426
2011-09-26T13:14:56.974189,42700,49.0276526,8.4407912,116416,139.8000000,81.1000000,-48.5000000,3,7,427
2011-09-26T13:14:57.074189,42800,49.0276527,8.4407911,116403,139.6000000,79.2000000,-46.8000000,3,7,428
2011-09-26T13:14:57.174189,42900,49.0276528,8.4407910,116385,138.6000000,77.1000000,-43.9000000,3,7,429
2011-09-26T13:14:57.274189,43000,49.0276529,8.4407910,116371,139.7000000,75.7000000,-42.6000000,3,6,430
2011-09-26T13:14:57.374189,43100,49.0276530,8.4407910,116353,141.1000000,74.5000000,-41.2000000,3,6,431
2011-09-26T13:14:57.474189,43200,49.0276531,8.4407910,116343,141.0000000,74.4000000,-39.5000000,3,6,432
2011-09-26T13:14:57.574189,43300,49.0276533,8.4407910,116331,141.2000000,73.4000000,-38.3000000,3,6,433
2011-09-26T13:14:57.674189,43400,49.0276534,8.4407910,116323,143.1000000,72.9000000,-37.6000000,3,6,434
2011-09-26T13:14:57.774189,43500,49.0276535,8.4407910,116311,143.6000000,73.2000000,-36.4000000,3,8,435
2011-09-26T13:14:57.874189,43600,49.0276536,8.4407910,116297,143.8000000,73.0000000,-35.0000000,3,8,436
2011-09-26T13:14:57.974189,43700,49.0276538,8.4407910,116290,145.3000000,72.9000000,-34.4000000,3,8,437
2011-09-26T13:14:58.074189,43800,49.0276539,8.4407911,116281,146.4000000,72.4000000,-33.7000000,3,8,438
2011-09-26T13:14:58.174189,43900,49.0276540,8.4407911,116272,146.7000000,72.8000000,-32.7000000,3,8,439
2011-09-26T13:14:58.274189,44000,49.0276541,8.4407912,116257,147.6000000,72.9000000,-31.9000000,3,7,440
2011-09-26T13:14:58.374189,44100,49.0276543,8.4407912,116250,149.2000000,73.0000000,-31.3000000,3,7,441
2011-09-26T13:14:58.474189,44200,49.0276544,8.4407912,116240,149.6000000,73.0000000,-30.3000000,3,7,442
2011-09-26T13:14:58.574189,44300,49.0276545,8.4407912,116235,150.7000000,71.7000000,-29.7000000,3,7,443
2011-09-26T13:14:58.674189,44400,49.0276547,8.4407911,116220,152.8000000,70.0000000,-29.2000000,3,7,444
2011-09-26T13:14:58.774189,44500,49.0276547,8.4407909,116204,151.2000000,66.5000000,-27.4000000,3,7,445
2011-09-26T13:14:58.874189,44600,49.0276547,8.4407908,116190,148.7000000,62.9000000,-25.5000000,3,7,446
2011-09-26T13:14:58.974189,44700,49.0276547,8.4407906,116174,146.8000000,59.0000000,-23.8000000,3,7,447
2011-09-26T13:14:59.074189,44800,49.0276547,8.4407905,116164,145.3000000,55.8000000,-22.4000000,3,7,448
2011-09-26T13:14:59.174189,44900,49.0276547,8.4407904,116143,143.0000000,53.1000000,-20.8000000,3,7,449
2011-09-26T13:14:59.274189,45000,49.0276546,8.4407902,116121,138.8000000,48.2000000,-17.8000000,3,7,450
2011-09-26T13:14:59.374189,45100,49.0276544,8.4407899,116084,133.8000000,43.3000000,-14.3000000,3,7,451
2011-09-26T13:14:59.474189,45200,49.0276543,8.4407898,116061,126.2000000,37.4000000,-9.8000000,3,7,452
2011-09-26T13:14:59.574189,45300,49.0276541,8.4407896,116034,118.7000000,32.8000000,-6.6000000,3,7,453
2011-09-26T13:14:59.674189,45400,49.0276539,8.4407895,116011,112.1000000,28.9000000,-4.1000000,3,7,454
2011-09-26T13:14:59.774189,45500,49.0276536,8.4407893,115986,102.7000000,24.6000000,-0.4000000,3,9,455
2011-09-26T13:14:59.874189,45600,49.0276535,8.4407893,115973,95.2000000,20.7000000,1.3000000,3,9,456
2011-09-26T13:14:59.974189,45700,49.0276533,8.4407892,115957,88.2000000,17.7000000,3.0000000,3,9,457
2011-09-26T13:15:00.074189,45800,49.0276531,8.4407891,115939,79.9000000,14.8000000,5.2000000,3,9,458
2011-09-26T13:15:00.174189,45900,49.0276530,8.4407890,115926,72.6000000,12.3000000,6.5000000,3,8,459
2011-09-26T13:15:00.274189,46000,49.0276528,8.4407890,115916,70.4000000,7.2000000,9.9000000,3,8,460
2011-09-26T13:15:00.374189,46100,49.0276527,8.4407889,115910,81.6000000,-0.1000000,16.4000000,3,8,461
2011-09-26T13:15:00.474189,46200,49.0276525,8.4407889,115904,101.5000000,-7.3000000,17.7000000,3,8,462
2011-09-26T13:15:00.574189,46300,49.0276525,8.4407888,115896,126.8000000,-20.3000000,10.6000000,3,8,463
2011-09-26T13:15:00.674189,46400,49.0276524,8.4407887,115890,147.3000000,-29.5000000,3.9000000,3,9,464
2011-09-26T13:15:00.774189,46500,49.0276524,8.4407887,115884,168.2000000,-36.5000000,3.2000000,3,9,465
2011-09-26T13:15:00.874189,46600,49.0276525,8.4407886,115877,187.7000000,-47.6000000,4.7000000,3,9,466
2011-09-26T13:15:00.974189,46700,49.0276526,8.4407885,115872,206.0000000,-58.0000000,6.4000000,3,9,467
2011-09-26T13:15:01.074189,46800,49.0276527,8.4407883,115869,228.3000000,-63.1000000,7.5000000,3,9,468
2011-09-26T13:15:01.174189,46900,49.0276528,8.4407882,115863,258.9000000,-70.1000000,9.2000000,3,9,469
2011-09-26T13:15:01.274189,47000,49.0276530,8.4407881,115857,296.5000000,-86.6000000,12.6000000,3,9,470
2011-09-26T13:15:01.374189,47100,49.0276532,8.4407879,115856,356.4000000,-108.2000000,16.0000000,3,9,471
2011-09-26T13:15:01.474189,47200,49.0276536,8.4407877,115854,450.1000000,-133.5000000,18.1000000,3,9,472
2011-09-26T13:15:01.574189,47300,49.0276540,8.4407875,115851,554.8000000,-161.5000000,17.2000000,3,9,473
2011-09-26T13:15:01.674189,47400,49.0276546,8.4407873,115850,678.3000000,-190.4000000,10.8000000,3,7,474
2011-09-26T13:15:01.774189,47500,49.0276554,8.4407870,115852,816.5000000,-224.5000000,-8.7000000,3,7,475
2011-09-26T13:15:01.874189,47600,49.0276562,8.4407867,115856,943.2000000,-243.7000000,-16.8000000,3,7,476
2011-09-26T13:15:01.974189,47700,49.0276572,8.4407863,115858,1074.8000000,-273.7000000,-15.5000000,3,7,477
2011-09-26T13:15:02.074189,47800,49.0276583,8.4407859,115857,1194.3000000,-310.8000000,-9.1000000,3,7,478
2011-09-26T13:15:02.174189,47900,49.0276595,8.4407854,115860,1313.3000000,-338.4000000,-14.5000000,3,8,479
2011-09-26T13:15:02.274189,48000,49.0276609,8.4407850,115868,1444.7000000,-343.2000000,-28.5000000,3,8,480
