pc_time,ts_ms,gyroX,gyroY,gyroZ,accelX,accelY,accelZ
2011-09-26T13:15:07.936429,0,0.194322,0.008704,-0.682204,-0.022281,0.033195,0.993012
2011-09-26T13:15:07.946429,10,0.223891,-0.004378,-0.686972,-0.022725,0.033287,0.994067
2011-09-26T13:15:07.956429,20,0.253461,-0.017459,-0.691741,-0.023170,0.033379,0.995122
2011-09-26T13:15:07.966429,30,0.283030,-0.030541,-0.696509,-0.023614,0.033471,0.996177
2011-09-26T13:15:07.976429,40,0.312600,-0.043623,-0.701278,-0.024059,0.033563,0.997232
2011-09-26T13:15:07.986429,50,0.342170,-0.056704,-0.706046,-0.024503,0.033655,0.998287
2011-09-26T13:15:07.996429,60,0.371739,-0.069786,-0.710815,-0.024947,0.033747,0.999342
2011-09-26T13:15:08.006429,70,0.401309,-0.082868,-0.715583,-0.025392,0.033839,1.000397
2011-09-26T13:15:08.016429,80,0.430878,-0.095949,-0.720351,-0.025836,0.033931,1.001452
2011-09-26T13:15:08.026429,90,0.460448,-0.109031,-0.725120,-0.026281,0.034023,1.002508
2011-09-26T13:15:08.036429,100,0.489927,-0.122050,-0.729879,-0.026726,0.034117,1.003562
2011-09-26T13:15:08.046429,110,0.437278,-0.078153,-0.726132,-0.027292,0.035860,1.004226
2011-09-26T13:15:08.056429,120,0.384629,-0.034257,-0.722385,-0.027859,0.037604,1.004891
2011-09-26T13:15:08.066429,130,0.331980,0.009640,-0.718638,-0.028425,0.039347,1.005555
2011-09-26T13:15:08.076429,140,0.279331,0.053537,-0.714891,-0.028992,0.041091,1.006219
2011-09-26T13:15:08.086429,150,0.226682,0.097433,-0.711144,-0.029558,0.042834,1.006883
2011-09-26T13:15:08.096429,160,0.174033,0.141330,-0.707397,-0.030125,0.044578,1.007547
2011-09-26T13:15:08.106429,170,0.121384,0.185227,-0.703650,-0.030691,0.046321,1.008212
2011-09-26T13:15:08.116429,180,0.068734,0.229123,-0.699903,-0.031258,0.048064,1.008876
2011-09-26T13:15:08.126429,190,0.016085,0.273020,-0.696156,-0.031824,0.049808,1.009540
2011-09-26T13:15:08.136429,200,-0.036670,0.316746,-0.692440,-0.032391,0.051547,1.010198
2011-09-26T13:15:08.146429,210,-0.137755,0.282875,-0.703176,-0.032958,0.051418,1.008099
2011-09-26T13:15:08.156429,220,-0.238840,0.249004,-0.713911,-0.033525,0.051288,1.006001
2011-09-26T13:15:08.166429,230,-0.339925,0.215133,-0.724646,-0.034092,0.051159,1.003902
2011-09-26T13:15:08.176429,240,-0.441010,0.181262,-0.735382,-0.034658,0.051029,1.001803
2011-09-26T13:15:08.186429,250,-0.542095,0.147391,-0.746117,-0.035225,0.050900,0.999704
2011-09-26T13:15:08.196429,260,-0.643180,0.113521,-0.756852,-0.035792,0.050770,0.997605
2011-09-26T13:15:08.206429,270,-0.744265,0.079650,-0.767588,-0.036359,0.050641,0.995506
2011-09-26T13:15:08.216429,280,-0.845350,0.045779,-0.778323,-0.036926,0.050511,0.993408
2011-09-26T13:15:08.226429,290,-0.946434,0.011908,-0.789058,-0.037493,0.050382,0.991309
2011-09-26T13:15:08.236429,300,-1.047519,-0.021963,-0.799794,-0.038060,0.050252,0.989210
2011-09-26T13:15:08.246429,310,-1.049752,-0.027983,-0.801439,-0.037373,0.047616,0.990642
2011-09-26T13:15:08.256429,320,-1.050387,-0.033554,-0.802938,-0.036665,0.044940,0.992132
2011-09-26T13:15:08.266429,330,-1.051023,-0.039125,-0.804437,-0.035958,0.042263,0.993621
2011-09-26T13:15:08.276429,340,-1.051658,-0.044695,-0.805936,-0.035251,0.039587,0.995110
2011-09-26T13:15:08.286429,350,-1.052294,-0.050266,-0.807434,-0.034544,0.036911,0.996600
2011-09-26T13:15:08.296429,360,-1.052930,-0.055837,-0.808933,-0.033837,0.034234,0.998089
2011-09-26T13:15:08.306429,370,-1.053565,-0.061407,-0.810432,-0.033130,0.031558,0.999578
2011-09-26T13:15:08.316429,380,-1.054201,-0.066978,-0.811931,-0.032423,0.028881,1.001068
2011-09-26T13:15:08.326429,390,-1.054836,-0.072549,-0.813429,-0.031715,0.026205,1.002557
2011-09-26T13:15:08.336429,400,-1.055472,-0.078119,-0.814928,-0.031008,0.023528,1.004046
2011-09-26T13:15:08.346429,410,-1.056108,-0.083690,-0.816427,-0.030301,0.020852,1.005536
2011-09-26T13:15:08.356429,420,-0.974687,-0.025617,-0.813420,-0.030119,0.019805,1.004652
2011-09-26T13:15:08.366429,430,-0.893003,0.032661,-0.810399,-0.029939,0.018763,1.003760
2011-09-26T13:15:08.376429,440,-0.811319,0.090939,-0.807378,-0.029759,0.017721,1.002868
2011-09-26T13:15:08.386429,450,-0.729635,0.149217,-0.804356,-0.029579,0.016679,1.001977
2011-09-26T13:15:08.396429,460,-0.647951,0.207495,-0.801335,-0.029399,0.015637,1.001085
2011-09-26T13:15:08.406429,470,-0.566267,0.265773,-0.798314,-0.029219,0.014595,1.000193
2011-09-26T13:15:08.416429,480,-0.484584,0.324050,-0.795293,-0.029039,0.013553,0.999301
2011-09-26T13:15:08.426429,490,-0.402900,0.382328,-0.792272,-0.028859,0.012511,0.998410
2011-09-26T13:15:08.436429,500,-0.321216,0.440606,-0.789250,-0.028678,0.011469,0.997518
2011-09-26T13:15:08.446429,510,-0.239471,0.498802,-0.786225,-0.028500,0.010434,0.996628
2011-09-26T13:15:08.456429,520,-0.134097,0.525332,-0.781634,-0.029182,0.011820,0.996452
2011-09-26T13:15:08.466429,530,-0.028723,0.551862,-0.777043,-0.029863,0.013206,0.996276
2011-09-26T13:15:08.476429,540,0.076650,0.578391,-0.772452,-0.030544,0.014592,0.996100
2011-09-26T13:15:08.486429,550,0.182024,0.604921,-0.767861,-0.031226,0.015978,0.995924
2011-09-26T13:15:08.496429,560,0.287398,0.631451,-0.763269,-0.031907,0.017364,0.995748
2011-09-26T13:15:08.506429,570,0.392771,0.657981,-0.758678,-0.032588,0.018750,0.995572
2011-09-26T13:15:08.516429,580,0.498145,0.684511,-0.754087,-0.033270,0.020136,0.995395
2011-09-26T13:15:08.526429,590,0.603518,0.711041,-0.749496,-0.033951,0.021522,0.995219
2011-09-26T13:15:08.536429,600,0.708892,0.737571,-0.744905,-0.034632,0.022908,0.995043
2011-09-26T13:15:08.546429,610,0.814266,0.764101,-0.740314,-0.035313,0.024294,0.994867
2011-09-26T13:15:08.556429,620,0.919639,0.790631,-0.735723,-0.035995,0.025680,0.994691
2011-09-26T13:15:08.566429,630,0.888322,0.764287,-0.732090,-0.036441,0.027167,0.994255
2011-09-26T13:15:08.576429,640,0.856716,0.737832,-0.728459,-0.036888,0.028655,0.993817
2011-09-26T13:15:08.586429,650,0.825111,0.711377,-0.724828,-0.037334,0.030143,0.993380
2011-09-26T13:15:08.596429,660,0.793505,0.684922,-0.721197,-0.037780,0.031630,0.992943
2011-09-26T13:15:08.606429,670,0.761900,0.658467,-0.717566,-0.038226,0.033118,0.992506
2011-09-26T13:15:08.616429,680,0.730295,0.632013,-0.713935,-0.038672,0.034606,0.992069
2011-09-26T13:15:08.626429,690,0.698689,0.605558,-0.710304,-0.039119,0.036094,0.991632
2011-09-26T13:15:08.636429,700,0.667084,0.579103,-0.706673,-0.039565,0.037581,0.991195
2011-09-26T13:15:08.646429,710,0.635479,0.552648,-0.703042,-0.040011,0.039069,0.990758
2011-09-26T13:15:08.656429,720,0.603873,0.526193,-0.699411,-0.040457,0.040557,0.990321
2011-09-26T13:15:08.666429,730,0.561551,0.503225,-0.664384,-0.040441,0.040621,0.991101
2011-09-26T13:15:08.676429,740,0.519202,0.480265,-0.629277,-0.040424,0.040681,0.991884
2011-09-26T13:15:08.686429,750,0.476853,0.457306,-0.594171,-0.040407,0.040742,0.992667
2011-09-26T13:15:08.696429,760,0.434504,0.434346,-0.559065,-0.040390,0.040802,0.993450
2011-09-26T13:15:08.706429,770,0.392155,0.411386,-0.523959,-0.040373,0.040862,0.994233
2011-09-26T13:15:08.716429,780,0.349805,0.388427,-0.488852,-0.040356,0.040923,0.995016
2011-09-26T13:15:08.726429,790,0.307456,0.365467,-0.453746,-0.040339,0.040983,0.995799
2011-09-26T13:15:08.736429,800,0.265107,0.342507,-0.418640,-0.040322,0.041044,0.996581
2011-09-26T13:15:08.746429,810,0.222758,0.319548,-0.383534,-0.040305,0.041104,0.997364
2011-09-26T13:15:08.756429,820,0.180409,0.296588,-0.348428,-0.040288,0.041165,0.998147
2011-09-26T13:15:08.766429,830,0.147754,0.300400,-0.317385,-0.040190,0.041798,0.998948
2011-09-26T13:15:08.776429,840,0.115153,0.304362,-0.286366,-0.040091,0.042435,0.999748
2011-09-26T13:15:08.786429,850,0.082553,0.308324,-0.255347,-0.039993,0.043071,1.000549
2011-09-26T13:15:08.796429,860,0.049952,0.312286,-0.224327,-0.039894,0.043708,1.001349
2011-09-26T13:15:08.806429,870,0.017351,0.316249,-0.193308,-0.039795,0.044344,1.002149
2011-09-26T13:15:08.816429,880,-0.015249,0.320211,-0.162289,-0.039697,0.044981,1.002950
2011-09-26T13:15:08.826429,890,-0.047850,0.324173,-0.131269,-0.039598,0.045618,1.003750
2011-09-26T13:15:08.836429,900,-0.080450,0.328135,-0.100250,-0.039499,0.046254,1.004551
2011-09-26T13:15:08.846429,910,-0.113051,0.332097,-0.069231,-0.039401,0.046891,1.005351
2011-09-26T13:15:08.856429,920,-0.145651,0.336060,-0.038211,-0.039302,0.047528,1.006152
2011-09-26T13:15:08.866429,930,-0.178252,0.340022,-0.007192,-0.039203,0.048164,1.006952
2011-09-26T13:15:08.876429,940,-0.231091,0.373487,-0.001601,-0.039519,0.047800,1.007377
2011-09-26T13:15:08.886429,950,-0.284037,0.407108,0.003854,-0.039836,0.047429,1.007799
2011-09-26T13:15:08.896429,960,-0.336984,0.440730,0.009309,-0.040153,0.047059,1.008222
2011-09-26T13:15:08.906429,970,-0.389931,0.474352,0.014764,-0.040470,0.046689,1.008644
2011-09-26T13:15:08.916429,980,-0.442877,0.507974,0.020220,-0.040788,0.046319,1.009067
2011-09-26T13:15:08.926429,990,-0.495824,0.541596,0.025675,-0.041105,0.045949,1.009489
2011-09-26T13:15:08.936429,1000,-0.548771,0.575218,0.031130,-0.041422,0.045579,1.009911
2011-09-26T13:15:08.946429,1010,-0.601717,0.608840,0.036585,-0.041739,0.045209,1.010334
2011-09-26T13:15:08.956429,1020,-0.654664,0.642462,0.042041,-0.042057,0.044839,1.010756
2011-09-26T13:15:08.966429,1030,-0.707611,0.676084,0.047496,-0.042374,0.044469,1.011179
2011-09-26T13:15:08.976429,1040,-0.625547,0.658430,0.062428,-0.042744,0.040904,1.008437
2011-09-26T13:15:08.986429,1050,-0.543427,0.640755,0.077365,-0.043114,0.037338,1.005694
2011-09-26T13:15:08.996429,1060,-0.461307,0.623081,0.092301,-0.043485,0.033773,1.002951
2011-09-26T13:15:09.006429,1070,-0.379187,0.605406,0.107238,-0.043855,0.030207,1.000208
2011-09-26T13:15:09.016429,1080,-0.297067,0.587731,0.122174,-0.044225,0.026641,0.997465
2011-09-26T13:15:09.026429,1090,-0.214947,0.570056,0.137111,-0.044595,0.023075,0.994722
2011-09-26T13:15:09.036429,1100,-0.132827,0.552381,0.152047,-0.044966,0.019509,0.991979
2011-09-26T13:15:09.046429,1110,-0.050707,0.534707,0.166984,-0.045336,0.015943,0.989236
2011-09-26T13:15:09.056429,1120,0.031413,0.517032,0.181920,-0.045706,0.012377,0.986493
2011-09-26T13:15:09.066429,1130,0.113532,0.499341,0.196859,-0.046076,0.008813,0.983751
2011-09-26T13:15:09.076429,1140,0.192365,0.440258,0.219361,-0.046065,0.011289,0.982802
2011-09-26T13:15:09.086429,1150,0.271198,0.381175,0.241862,-0.046053,0.013764,0.981852
2011-09-26T13:15:09.096429,1160,0.350031,0.322093,0.264364,-0.046042,0.016239,0.980902
2011-09-26T13:15:09.106429,1170,0.428864,0.263010,0.286865,-0.046031,0.018714,0.979953
2011-09-26T13:15:09.116429,1180,0.507696,0.203927,0.309366,-0.046019,0.021189,0.979003
2011-09-26T13:15:09.126429,1190,0.586529,0.144844,0.331868,-0.046008,0.023664,0.978054
2011-09-26T13:15:09.136429,1200,0.665362,0.085762,0.354369,-0.045997,0.026140,0.977104
2011-09-26T13:15:09.146429,1210,0.744195,0.026679,0.376870,-0.045985,0.028615,0.976155
2011-09-26T13:15:09.156429,1220,0.823028,-0.032404,0.399372,-0.045974,0.031090,0.975205
2011-09-26T13:15:09.166429,1230,0.901861,-0.091486,0.421873,-0.045963,0.033565,0.974255
2011-09-26T13:15:09.176429,1240,0.980693,-0.150569,0.444374,-0.045951,0.036040,0.973306
2011-09-26T13:15:09.186429,1250,0.996128,-0.188801,0.436663,-0.046019,0.037851,0.975000
2011-09-26T13:15:09.196429,1260,1.011448,-0.226995,0.428897,-0.046088,0.039661,0.976699
2011-09-26T13:15:09.206429,1270,1.026767,-0.265189,0.421131,-0.046156,0.041471,0.978398
2011-09-26T13:15:09.216429,1280,1.042087,-0.303383,0.413364,-0.046224,0.043280,0.980097
2011-09-26T13:15:09.226429,1290,1.057407,-0.341577,0.405598,-0.046293,0.045090,0.981796
2011-09-26T13:15:09.236429,1300,1.072726,-0.379771,0.397832,-0.046361,0.046900,0.983494
2011-09-26T13:15:09.246429,1310,1.088046,-0.417965,0.390066,-0.046429,0.048709,0.985193
2011-09-26T13:15:09.256429,1320,1.103366,-0.456159,0.382300,-0.046498,0.050519,0.986892
2011-09-26T13:15:09.266429,1330,1.118685,-0.494353,0.374534,-0.046566,0.052329,0.988591
2011-09-26T13:15:09.276429,1340,1.134005,-0.532547,0.366767,-0.046634,0.054138,0.990290
2011-09-26T13:15:09.286429,1350,0.999774,-0.548197,0.371052,-0.047659,0.055365,0.991684
2011-09-26T13:15:09.296429,1360,0.865122,-0.563782,0.375371,-0.048687,0.056589,0.993077
2011-09-26T13:15:09.306429,1370,0.730469,-0.579368,0.379690,-0.049714,0.057814,0.994470
2011-09-26T13:15:09.316429,1380,0.595817,-0.594954,0.384009,-0.050742,0.059038,0.995862
2011-09-26T13:15:09.326429,1390,0.461165,-0.610539,0.388328,-0.051769,0.060263,0.997255
2011-09-26T13:15:09.336429,1400,0.326513,-0.626125,0.392647,-0.052797,0.061487,0.998648
2011-09-26T13:15:09.346429,1410,0.191860,-0.641711,0.396966,-0.053824,0.062712,1.000041
2011-09-26T13:15:09.356429,1420,0.057208,-0.657296,0.401285,-0.054852,0.063936,1.001434
2011-09-26T13:15:09.366429,1430,-0.077444,-0.672882,0.405604,-0.055879,0.065161,1.002827
2011-09-26T13:15:09.376429,1440,-0.212097,-0.688468,0.409923,-0.056907,0.066386,1.004220
2011-09-26T13:15:09.386429,1450,-0.330616,-0.707705,0.412256,-0.057180,0.065430,1.004708
2011-09-26T13:15:09.396429,1460,-0.449010,-0.726970,0.414575,-0.057447,0.064456,1.005190
2011-09-26T13:15:09.406429,1470,-0.567404,-0.746235,0.416893,-0.057713,0.063483,1.005671
2011-09-26T13:15:09.416429,1480,-0.685798,-0.765501,0.419211,-0.057980,0.062510,1.006152
2011-09-26T13:15:09.426429,1490,-0.804192,-0.784766,0.421529,-0.058247,0.061537,1.006634
2011-09-26T13:15:09.436429,1500,-0.922586,-0.804031,0.423847,-0.058514,0.060564,1.007115
2011-09-26T13:15:09.446429,1510,-1.040980,-0.823297,0.426166,-0.058781,0.059591,1.007596
2011-09-26T13:15:09.456429,1520,-1.159374,-0.842562,0.428484,-0.059048,0.058618,1.008077
2011-09-26T13:15:09.466429,1530,-1.277768,-0.861827,0.430802,-0.059315,0.057645,1.008559
2011-09-26T13:15:09.476429,1540,-1.396162,-0.881093,0.433120,-0.059581,0.056672,1.009040
2011-09-26T13:15:09.486429,1550,-1.514556,-0.900358,0.435438,-0.059848,0.055699,1.009521
2011-09-26T13:15:09.496429,1560,-1.491332,-0.878888,0.437744,-0.060739,0.052295,1.009097
2011-09-26T13:15:09.506429,1570,-1.468063,-0.857404,0.440050,-0.061630,0.048891,1.008673
2011-09-26T13:15:09.516429,1580,-1.444794,-0.835921,0.442356,-0.062521,0.045486,1.008249
2011-09-26T13:15:09.526429,1590,-1.421524,-0.814437,0.444662,-0.063412,0.042081,1.007824
2011-09-26T13:15:09.536429,1600,-1.398255,-0.792954,0.446968,-0.064303,0.038676,1.007400
2011-09-26T13:15:09.546429,1610,-1.374986,-0.771470,0.449274,-0.065193,0.035271,1.006975
2011-09-26T13:15:09.556429,1620,-1.351717,-0.749987,0.451580,-0.066084,0.031866,1.006551
2011-09-26T13:15:09.566429,1630,-1.328447,-0.728503,0.453887,-0.066975,0.028462,1.006127
2011-09-26T13:15:09.576429,1640,-1.305178,-0.707020,0.456193,-0.067866,0.025057,1.005702
2011-09-26T13:15:09.586429,1650,-1.281909,-0.685537,0.458499,-0.068757,0.021652,1.005278
2011-09-26T13:15:09.596429,1660,-1.228450,-0.666747,0.474554,-0.069521,0.022601,1.005893
2011-09-26T13:15:09.606429,1670,-1.174815,-0.647973,0.490690,-0.070285,0.023575,1.006515
2011-09-26T13:15:09.616429,1680,-1.121180,-0.629199,0.506826,-0.071049,0.024549,1.007136
2011-09-26T13:15:09.626429,1690,-1.067544,-0.610425,0.522961,-0.071812,0.025523,1.007758
2011-09-26T13:15:09.636429,1700,-1.013909,-0.591651,0.539097,-0.072576,0.026497,1.008379
2011-09-26T13:15:09.646429,1710,-0.960274,-0.572877,0.555233,-0.073339,0.027471,1.009001
2011-09-26T13:15:09.656429,1720,-0.906639,-0.554103,0.571369,-0.074103,0.028445,1.009622
2011-09-26T13:15:09.666429,1730,-0.853004,-0.535330,0.587504,-0.074867,0.029419,1.010244
2011-09-26T13:15:09.676429,1740,-0.799368,-0.516556,0.603640,-0.075630,0.030393,1.010865
2011-09-26T13:15:09.686429,1750,-0.745733,-0.497782,0.619776,-0.076394,0.031367,1.011487
2011-09-26T13:15:09.696429,1760,-0.641529,-0.474378,0.595073,-0.077411,0.029996,1.010414
2011-09-26T13:15:09.706429,1770,-0.536871,-0.450933,0.570004,-0.078431,0.028605,1.009326
2011-09-26T13:15:09.716429,1780,-0.432212,-0.427487,0.544934,-0.079451,0.027213,1.008238
2011-09-26T13:15:09.726429,1790,-0.327553,-0.404042,0.519864,-0.080470,0.025821,1.007150
2011-09-26T13:15:09.736429,1800,-0.222895,-0.380597,0.494795,-0.081490,0.024430,1.006061
2011-09-26T13:15:09.746429,1810,-0.118236,-0.357152,0.469725,-0.082509,0.023038,1.004973
2011-09-26T13:15:09.756429,1820,-0.013578,-0.333706,0.444655,-0.083529,0.021646,1.003885
2011-09-26T13:15:09.766429,1830,0.091081,-0.310261,0.419586,-0.084549,0.020254,1.002797
2011-09-26T13:15:09.776429,1840,0.195740,-0.286816,0.394516,-0.085568,0.018863,1.001709
2011-09-26T13:15:09.786429,1850,0.300398,-0.263370,0.369446,-0.086588,0.017471,1.000621
2011-09-26T13:15:09.796429,1860,0.405057,-0.239925,0.344376,-0.087607,0.016079,0.999533
2011-09-26T13:15:09.806429,1870,0.418383,-0.251427,0.356576,-0.088523,0.018482,0.999767
2011-09-26T13:15:09.816429,1880,0.430758,-0.263293,0.369163,-0.089437,0.020925,1.000014
2011-09-26T13:15:09.826429,1890,0.443133,-0.275158,0.381750,-0.090352,0.023368,1.000262
2011-09-26T13:15:09.836429,1900,0.455508,-0.287024,0.394337,-0.091266,0.025811,1.000509
2011-09-26T13:15:09.846429,1910,0.467883,-0.298889,0.406925,-0.092180,0.028254,1.000757
2011-09-26T13:15:09.856429,1920,0.480258,-0.310755,0.419512,-0.093095,0.030697,1.001005
2011-09-26T13:15:09.866429,1930,0.492633,-0.322621,0.432099,-0.094009,0.033139,1.001252
2011-09-26T13:15:09.876429,1940,0.505008,-0.334486,0.444686,-0.094923,0.035582,1.001500
2011-09-26T13:15:09.886429,1950,0.517383,-0.346352,0.457273,-0.095838,0.038025,1.001747
2011-09-26T13:15:09.896429,1960,0.529758,-0.358218,0.469861,-0.096752,0.040468,1.001995
2011-09-26T13:15:09.906429,1970,0.468263,-0.373631,0.464510,-0.097288,0.041239,1.000739
2011-09-26T13:15:09.916429,1980,0.406232,-0.389071,0.459029,-0.097821,0.041997,0.999471
2011-09-26T13:15:09.926429,1990,0.344201,-0.404511,0.453547,-0.098354,0.042756,0.998204
2011-09-26T13:15:09.936429,2000,0.282170,-0.419950,0.448066,-0.098887,0.043514,0.996937
2011-09-26T13:15:09.946429,2010,0.220139,-0.435390,0.442585,-0.099421,0.044273,0.995670
2011-09-26T13:15:09.956429,2020,0.158108,-0.450829,0.437104,-0.099954,0.045032,0.994402
2011-09-26T13:15:09.966429,2030,0.096078,-0.466269,0.431623,-0.100487,0.045790,0.993135
2011-09-26T13:15:09.976429,2040,0.034047,-0.481708,0.426142,-0.101020,0.046549,0.991868
2011-09-26T13:15:09.986429,2050,-0.027984,-0.497148,0.420661,-0.101554,0.047307,0.990601
2011-09-26T13:15:09.996429,2060,-0.090015,-0.512587,0.415180,-0.102087,0.048066,0.989333
2011-09-26T13:15:10.006429,2070,-0.152046,-0.528027,0.409699,-0.102620,0.048824,0.988066
2011-09-26T13:15:10.016429,2080,-0.203246,-0.526822,0.409615,-0.100628,0.048583,0.989758
2011-09-26T13:15:10.026429,2090,-0.254352,-0.525473,0.409578,-0.098614,0.048333,0.991474
2011-09-26T13:15:10.036429,2100,-0.305459,-0.524125,0.409542,-0.096600,0.048083,0.993191
2011-09-26T13:15:10.046429,2110,-0.356565,-0.522777,0.409505,-0.094587,0.047833,0.994908
2011-09-26T13:15:10.056429,2120,-0.407672,-0.521429,0.409468,-0.092573,0.047583,0.996625
2011-09-26T13:15:10.066429,2130,-0.458778,-0.520080,0.409431,-0.090559,0.047333,0.998342
2011-09-26T13:15:10.076429,2140,-0.509885,-0.518732,0.409394,-0.088546,0.047083,1.000059
2011-09-26T13:15:10.086429,2150,-0.560992,-0.517384,0.409357,-0.086532,0.046834,1.001776
2011-09-26T13:15:10.096429,2160,-0.612098,-0.516035,0.409320,-0.084518,0.046584,1.003492
2011-09-26T13:15:10.106429,2170,-0.663205,-0.514687,0.409283,-0.082504,0.046334,1.005209
2011-09-26T13:15:10.116429,2180,-0.663696,-0.482265,0.393414,-0.081592,0.046365,1.006880
2011-09-26T13:15:10.126429,2190,-0.663913,-0.449673,0.377458,-0.080686,0.046397,1.008550
2011-09-26T13:15:10.136429,2200,-0.664130,-0.417082,0.361502,-0.079779,0.046429,1.010221
2011-09-26T13:15:10.146429,2210,-0.664347,-0.384491,0.345546,-0.078873,0.046462,1.011891
2011-09-26T13:15:10.156429,2220,-0.664564,-0.351900,0.329591,-0.077967,0.046494,1.013561
2011-09-26T13:15:10.166429,2230,-0.664781,-0.319309,0.313635,-0.077060,0.046527,1.015232
2011-09-26T13:15:10.176429,2240,-0.664997,-0.286718,0.297679,-0.076154,0.046559,1.016902
2011-09-26T13:15:10.186429,2250,-0.665214,-0.254126,0.281724,-0.075248,0.046592,1.018572
2011-09-26T13:15:10.196429,2260,-0.665431,-0.221535,0.265768,-0.074341,0.046624,1.020243
2011-09-26T13:15:10.206429,2270,-0.665648,-0.188944,0.249812,-0.073435,0.046657,1.021913
2011-09-26T13:15:10.216429,2280,-0.657253,-0.136480,0.249999,-0.074862,0.044320,1.020406
2011-09-26T13:15:10.226429,2290,-0.648633,-0.083495,0.250609,-0.076351,0.041921,1.018816
2011-09-26T13:15:10.236429,2300,-0.640012,-0.030511,0.251218,-0.077840,0.039523,1.017225
2011-09-26T13:15:10.246429,2310,-0.631392,0.022474,0.251828,-0.079328,0.037124,1.015635
2011-09-26T13:15:10.256429,2320,-0.622772,0.075459,0.252437,-0.080817,0.034725,1.014045
2011-09-26T13:15:10.266429,2330,-0.614151,0.128443,0.253047,-0.082305,0.032327,1.012455
2011-09-26T13:15:10.276429,2340,-0.605531,0.181428,0.253657,-0.083794,0.029928,1.010864
2011-09-26T13:15:10.286429,2350,-0.596911,0.234412,0.254266,-0.085282,0.027529,1.009274
2011-09-26T13:15:10.296429,2360,-0.588290,0.287397,0.254876,-0.086771,0.025131,1.007684
2011-09-26T13:15:10.306429,2370,-0.579670,0.340382,0.255485,-0.088259,0.022732,1.006093
2011-09-26T13:15:10.316429,2380,-0.571050,0.393366,0.256095,-0.089748,0.020333,1.004503
2011-09-26T13:15:10.326429,2390,-0.548365,0.390188,0.270297,-0.089891,0.020409,1.003705
2011-09-26T13:15:10.336429,2400,-0.525542,0.386455,0.284634,-0.090021,0.020509,1.002915
2011-09-26T13:15:10.346429,2410,-0.502719,0.382721,0.298971,-0.090151,0.020610,1.002125
2011-09-26T13:15:10.356429,2420,-0.479896,0.378988,0.313308,-0.090280,0.020710,1.001335
2011-09-26T13:15:10.366429,2430,-0.457072,0.375254,0.327644,-0.090410,0.020810,1.000544
2011-09-26T13:15:10.376429,2440,-0.434249,0.371521,0.341981,-0.090540,0.020910,0.999754
2011-09-26T13:15:10.386429,2450,-0.411426,0.367788,0.356318,-0.090670,0.021011,0.998964
2011-09-26T13:15:10.396429,2460,-0.388602,0.364054,0.370655,-0.090799,0.021111,0.998174
2011-09-26T13:15:10.406429,2470,-0.365779,0.360321,0.384992,-0.090929,0.021211,0.997384
2011-09-26T13:15:10.416429,2480,-0.342956,0.356587,0.399328,-0.091059,0.021311,0.996593
2011-09-26T13:15:10.426429,2490,-0.391547,0.349110,0.374618,-0.090311,0.023488,0.996071
2011-09-26T13:15:10.436429,2500,-0.441123,0.341580,0.349370,-0.089552,0.025692,0.995553
2011-09-26T13:15:10.446429,2510,-0.490699,0.334051,0.324121,-0.088792,0.027897,0.995035
2011-09-26T13:15:10.456429,2520,-0.540275,0.326522,0.298873,-0.088032,0.030102,0.994516
2011-09-26T13:15:10.466429,2530,-0.589851,0.318993,0.273624,-0.087273,0.032307,0.993998
2011-09-26T13:15:10.476429,2540,-0.639427,0.311463,0.248376,-0.086513,0.034512,0.993479
2011-09-26T13:15:10.486429,2550,-0.689003,0.303934,0.223128,-0.085753,0.036717,0.992961
2011-09-26T13:15:10.496429,2560,-0.738579,0.296405,0.197879,-0.084993,0.038922,0.992443
2011-09-26T13:15:10.506429,2570,-0.788155,0.288875,0.172631,-0.084234,0.041126,0.991924
2011-09-26T13:15:10.516429,2580,-0.837731,0.281346,0.147382,-0.083474,0.043331,0.991406
2011-09-26T13:15:10.526429,2590,-0.806204,0.242023,0.156797,-0.083688,0.039944,0.991349
2011-09-26T13:15:10.536429,2600,-0.773966,0.202421,0.166515,-0.083911,0.036508,0.991297
2011-09-26T13:15:10.546429,2610,-0.741727,0.162819,0.176234,-0.084133,0.033072,0.991244
2011-09-26T13:15:10.556429,2620,-0.709489,0.123217,0.185953,-0.084356,0.029635,0.991191
2011-09-26T13:15:10.566429,2630,-0.677251,0.083615,0.195671,-0.084578,0.026199,0.991139
2011-09-26T13:15:10.576429,2640,-0.645012,0.044013,0.205390,-0.084801,0.022763,0.991086
2011-09-26T13:15:10.586429,2650,-0.612774,0.004411,0.215108,-0.085024,0.019327,0.991033
2011-09-26T13:15:10.596429,2660,-0.580536,-0.035191,0.224827,-0.085246,0.015890,0.990981
2011-09-26T13:15:10.606429,2670,-0.548298,-0.074793,0.234546,-0.085469,0.012454,0.990928
2011-09-26T13:15:10.616429,2680,-0.516059,-0.114396,0.244264,-0.085691,0.009018,0.990875
2011-09-26T13:15:10.626429,2690,-0.483821,-0.153998,0.253983,-0.085914,0.005582,0.990823
2011-09-26T13:15:10.636429,2700,-0.495854,-0.168965,0.285762,-0.084090,0.008689,0.991440
2011-09-26T13:15:10.646429,2710,-0.508340,-0.183682,0.317766,-0.082245,0.011863,0.992064
2011-09-26T13:15:10.656429,2720,-0.520825,-0.198398,0.349771,-0.080400,0.015038,0.992688
2011-09-26T13:15:10.666429,2730,-0.533310,-0.213114,0.381775,-0.078555,0.018212,0.993312
2011-09-26T13:15:10.676429,2740,-0.545796,-0.227830,0.413780,-0.076710,0.021386,0.993936
2011-09-26T13:15:10.686429,2750,-0.558281,-0.242547,0.445784,-0.074865,0.024560,0.994560
2011-09-26T13:15:10.696429,2760,-0.570766,-0.257263,0.477788,-0.073020,0.027734,0.995184
2011-09-26T13:15:10.706429,2770,-0.583252,-0.271979,0.509793,-0.071175,0.030908,0.995808
2011-09-26T13:15:10.716429,2780,-0.595737,-0.286696,0.541797,-0.069330,0.034083,0.996433
2011-09-26T13:15:10.726429,2790,-0.608223,-0.301412,0.573801,-0.067485,0.037257,0.997057
2011-09-26T13:15:10.736429,2800,-0.561918,-0.278827,0.548789,-0.066594,0.036632,0.998294
2011-09-26T13:15:10.746429,2810,-0.514470,-0.255516,0.522667,-0.065721,0.035933,0.999543
2011-09-26T13:15:10.756429,2820,-0.467022,-0.232206,0.496545,-0.064848,0.035234,1.000793
2011-09-26T13:15:10.766429,2830,-0.419574,-0.208895,0.470422,-0.063975,0.034534,1.002042
2011-09-26T13:15:10.776429,2840,-0.372125,-0.185584,0.444300,-0.063102,0.033835,1.003291
2011-09-26T13:15:10.786429,2850,-0.324677,-0.162274,0.418178,-0.062229,0.033136,1.004541
2011-09-26T13:15:10.796429,2860,-0.277229,-0.138963,0.392056,-0.061356,0.032437,1.005790
2011-09-26T13:15:10.806429,2870,-0.229781,-0.115652,0.365934,-0.060484,0.031738,1.007039
2011-09-26T13:15:10.816429,2880,-0.182332,-0.092341,0.339812,-0.059611,0.031039,1.008288
2011-09-26T13:15:10.826429,2890,-0.134884,-0.069031,0.313689,-0.058738,0.030340,1.009538
2011-09-26T13:15:10.836429,2900,-0.178543,-0.028387,0.303825,-0.058800,0.030604,1.008952
2011-09-26T13:15:10.846429,2910,-0.223160,0.012438,0.294131,-0.058872,0.030879,1.008348
2011-09-26T13:15:10.856429,2920,-0.267777,0.053264,0.284437,-0.058944,0.031153,1.007743
2011-09-26T13:15:10.866429,2930,-0.312394,0.094089,0.274743,-0.059016,0.031427,1.007138
2011-09-26T13:15:10.876429,2940,-0.357010,0.134915,0.265049,-0.059087,0.031701,1.006534
2011-09-26T13:15:10.886429,2950,-0.401627,0.175740,0.255355,-0.059159,0.031976,1.005929
2011-09-26T13:15:10.896429,2960,-0.446244,0.216566,0.245661,-0.059231,0.032250,1.005324
2011-09-26T13:15:10.906429,2970,-0.490861,0.257391,0.235968,-0.059303,0.032524,1.004720
2011-09-26T13:15:10.916429,2980,-0.535478,0.298217,0.226274,-0.059375,0.032799,1.004115
2011-09-26T13:15:10.926429,2990,-0.580094,0.339042,0.216580,-0.059447,0.033073,1.003510
2011-09-26T13:15:10.936429,3000,-0.624711,0.379868,0.206886,-0.059519,0.033347,1.002906
2011-09-26T13:15:10.946429,3010,-0.622626,0.360916,0.206735,-0.060019,0.032099,1.002127
2011-09-26T13:15:10.956429,3020,-0.620025,0.341305,0.206689,-0.060523,0.030834,1.001347
2011-09-26T13:15:10.966429,3030,-0.617424,0.321694,0.206643,-0.061028,0.029569,1.000566
2011-09-26T13:15:10.976429,3040,-0.614823,0.302084,0.206597,-0.061533,0.028304,0.999786
2011-09-26T13:15:10.986429,3050,-0.612222,0.282473,0.206550,-0.062037,0.027039,0.999005
2011-09-26T13:15:10.996429,3060,-0.609621,0.262862,0.206504,-0.062542,0.025774,0.998225
2011-09-26T13:15:11.006429,3070,-0.607020,0.243251,0.206458,-0.063047,0.024510,0.997444
2011-09-26T13:15:11.016429,3080,-0.604419,0.223640,0.206412,-0.063551,0.023245,0.996664
2011-09-26T13:15:11.026429,3090,-0.601818,0.204029,0.206366,-0.064056,0.021980,0.995884
2011-09-26T13:15:11.036429,3100,-0.599218,0.184418,0.206320,-0.064561,0.020715,0.995103
2011-09-26T13:15:11.046429,3110,-0.567397,0.191277,0.217714,-0.064787,0.020529,0.995516
2011-09-26T13:15:11.056429,3120,-0.535255,0.198426,0.229233,-0.065011,0.020356,0.995943
2011-09-26T13:15:11.066429,3130,-0.503113,0.205576,0.240753,-0.065235,0.020183,0.996369
2011-09-26T13:15:11.076429,3140,-0.470971,0.212726,0.252272,-0.065459,0.020009,0.996796
2011-09-26T13:15:11.086429,3150,-0.438830,0.219876,0.263792,-0.065683,0.019836,0.997223
2011-09-26T13:15:11.096429,3160,-0.406688,0.227026,0.275311,-0.065906,0.019662,0.997649
2011-09-26T13:15:11.106429,3170,-0.374546,0.234176,0.286830,-0.066130,0.019489,0.998076
2011-09-26T13:15:11.116429,3180,-0.342404,0.241326,0.298350,-0.066354,0.019315,0.998502
2011-09-26T13:15:11.126429,3190,-0.310262,0.248476,0.309869,-0.066578,0.019142,0.998929
2011-09-26T13:15:11.136429,3200,-0.278120,0.255626,0.321389,-0.066801,0.018969,0.999355
2011-09-26T13:15:11.146429,3210,-0.245978,0.262776,0.332908,-0.067025,0.018795,0.999782
2011-09-26T13:15:11.156429,3220,-0.197473,0.238312,0.316503,-0.066851,0.018742,0.999058
2011-09-26T13:15:11.166429,3230,-0.148755,0.213433,0.299732,-0.066671,0.018691,0.998320
2011-09-26T13:15:11.176429,3240,-0.100036,0.188555,0.282961,-0.066491,0.018640,0.997582
2011-09-26T13:15:11.186429,3250,-0.051318,0.163677,0.266190,-0.066312,0.018589,0.996844
2011-09-26T13:15:11.196429,3260,-0.002599,0.138799,0.249419,-0.066132,0.018538,0.996106
2011-09-26T13:15:11.206429,3270,0.046119,0.113921,0.232648,-0.065952,0.018487,0.995368
2011-09-26T13:15:11.216429,3280,0.094838,0.089043,0.215877,-0.065772,0.018436,0.994630
2011-09-26T13:15:11.226429,3290,0.143556,0.064165,0.199107,-0.065593,0.018385,0.993892
2011-09-26T13:15:11.236429,3300,0.192274,0.039286,0.182336,-0.065413,0.018334,0.993154
2011-09-26T13:15:11.246429,3310,0.240993,0.014408,0.165565,-0.065233,0.018283,0.992416
2011-09-26T13:15:11.256429,3320,0.255210,0.010166,0.164286,-0.065543,0.019390,0.993382
2011-09-26T13:15:11.266429,3330,0.268677,0.006372,0.163346,-0.065863,0.020522,0.994386
2011-09-26T13:15:11.276429,3340,0.282143,0.002579,0.162405,-0.066183,0.021654,0.995389
2011-09-26T13:15:11.286429,3350,0.295609,-0.001214,0.161464,-0.066503,0.022786,0.996393
2011-09-26T13:15:11.296429,3360,0.309075,-0.005008,0.160523,-0.066823,0.023918,0.997397
2011-09-26T13:15:11.306429,3370,0.322541,-0.008801,0.159582,-0.067143,0.025050,0.998401
2011-09-26T13:15:11.316429,3380,0.336007,-0.012594,0.158641,-0.067463,0.026182,0.999404
2011-09-26T13:15:11.326429,3390,0.349473,-0.016387,0.157700,-0.067783,0.027314,1.000408
2011-09-26T13:15:11.336429,3400,0.362940,-0.020181,0.156759,-0.068103,0.028447,1.001412
2011-09-26T13:15:11.346429,3410,0.376406,-0.023974,0.155818,-0.068423,0.029579,1.002415
2011-09-26T13:15:11.356429,3420,0.335903,-0.011477,0.154610,-0.069395,0.030112,1.002577
2011-09-26T13:15:11.366429,3430,0.294683,0.001236,0.153398,-0.070375,0.030637,1.002727
2011-09-26T13:15:11.376429,3440,0.253464,0.013950,0.152186,-0.071356,0.031162,1.002877
2011-09-26T13:15:11.386429,3450,0.212244,0.026663,0.150975,-0.072336,0.031687,1.003028
2011-09-26T13:15:11.396429,3460,0.171024,0.039376,0.149763,-0.073317,0.032213,1.003178
2011-09-26T13:15:11.406429,3470,0.129805,0.052090,0.148551,-0.074297,0.032738,1.003328
2011-09-26T13:15:11.416429,3480,0.088585,0.064803,0.147339,-0.075278,0.033263,1.003479
2011-09-26T13:15:11.426429,3490,0.047366,0.077516,0.146128,-0.076259,0.033788,1.003629
2011-09-26T13:15:11.436429,3500,0.006146,0.090230,0.144916,-0.077239,0.034313,1.003779
2011-09-26T13:15:11.446429,3510,-0.035074,0.102943,0.143704,-0.078220,0.034839,1.003930
2011-09-26T13:15:11.456429,3520,-0.076293,0.115656,0.142492,-0.079200,0.035364,1.004080
2011-09-26T13:15:11.466429,3530,-0.074786,0.125027,0.140220,-0.080305,0.034095,1.004324
2011-09-26T13:15:11.476429,3540,-0.072355,0.134326,0.137925,-0.081412,0.032787,1.004570
2011-09-26T13:15:11.486429,3550,-0.069923,0.143624,0.135630,-0.082518,0.031479,1.004816
2011-09-26T13:15:11.496429,3560,-0.067491,0.152923,0.133335,-0.083625,0.030172,1.005062
2011-09-26T13:15:11.506429,3570,-0.065059,0.162221,0.131040,-0.084732,0.028864,1.005308
2011-09-26T13:15:11.516429,3580,-0.062627,0.171520,0.128745,-0.085839,0.027556,1.005554
2011-09-26T13:15:11.526429,3590,-0.060195,0.180818,0.126450,-0.086946,0.026248,1.005800
2011-09-26T13:15:11.536429,3600,-0.057764,0.190117,0.124155,-0.088053,0.024940,1.006045
2011-09-26T13:15:11.546429,3610,-0.055332,0.199415,0.121860,-0.089160,0.023632,1.006291
2011-09-26T13:15:11.556429,3620,-0.052900,0.208714,0.119564,-0.090267,0.022325,1.006537
2011-09-26T13:15:11.566429,3630,-0.039145,0.213878,0.128400,-0.090999,0.021641,1.006148
2011-09-26T13:15:11.576429,3640,-0.025201,0.218973,0.137421,-0.091724,0.020968,1.005748
2011-09-26T13:15:11.586429,3650,-0.011256,0.224067,0.146443,-0.092449,0.020294,1.005348
2011-09-26T13:15:11.596429,3660,0.002688,0.229162,0.155465,-0.093174,0.019621,1.004948
2011-09-26T13:15:11.606429,3670,0.016633,0.234257,0.164487,-0.093900,0.018948,1.004548
2011-09-26T13:15:11.616429,3680,0.030578,0.239352,0.173509,-0.094625,0.018275,1.004147
2011-09-26T13:15:11.626429,3690,0.044522,0.244446,0.182531,-0.095350,0.017601,1.003747
2011-09-26T13:15:11.636429,3700,0.058467,0.249541,0.191553,-0.096075,0.016928,1.003347
2011-09-26T13:15:11.646429,3710,0.072411,0.254636,0.200575,-0.096801,0.016255,1.002947
2011-09-26T13:15:11.656429,3720,0.086356,0.259731,0.209596,-0.097526,0.015582,1.002547
2011-09-26T13:15:11.666429,3730,0.128430,0.260885,0.198328,-0.097956,0.017111,1.002162
2011-09-26T13:15:11.676429,3740,0.170981,0.261972,0.186715,-0.098382,0.018677,1.001777
2011-09-26T13:15:11.686429,3750,0.213532,0.263059,0.175102,-0.098808,0.020244,1.001391
2011-09-26T13:15:11.696429,3760,0.256084,0.264147,0.163489,-0.099233,0.021810,1.001006
2011-09-26T13:15:11.706429,3770,0.298635,0.265234,0.151876,-0.099659,0.023377,1.000621
2011-09-26T13:15:11.716429,3780,0.341187,0.266321,0.140264,-0.100085,0.024943,1.000236
2011-09-26T13:15:11.726429,3790,0.383738,0.267409,0.128651,-0.100510,0.026510,0.999851
2011-09-26T13:15:11.736429,3800,0.426289,0.268496,0.117038,-0.100936,0.028077,0.999466
2011-09-26T13:15:11.746429,3810,0.468841,0.269583,0.105425,-0.101362,0.029643,0.999080
2011-09-26T13:15:11.756429,3820,0.511392,0.270670,0.093812,-0.101787,0.031210,0.998695
2011-09-26T13:15:11.766429,3830,0.553944,0.271758,0.082199,-0.102213,0.032776,0.998310
2011-09-26T13:15:11.776429,3840,0.482398,0.252292,0.077965,-0.101059,0.033645,0.997269
2011-09-26T13:15:11.786429,3850,0.408855,0.232465,0.073860,-0.099877,0.034502,0.996216
2011-09-26T13:15:11.796429,3860,0.335311,0.212639,0.069755,-0.098695,0.035359,0.995163
2011-09-26T13:15:11.806429,3870,0.261768,0.192813,0.065650,-0.097513,0.036215,0.994110
2011-09-26T13:15:11.816429,3880,0.188225,0.172987,0.061545,-0.096331,0.037072,0.993057
2011-09-26T13:15:11.826429,3890,0.114681,0.153161,0.057440,-0.095150,0.037929,0.992004
2011-09-26T13:15:11.836429,3900,0.041138,0.133335,0.053335,-0.093968,0.038785,0.990951
2011-09-26T13:15:11.846429,3910,-0.032406,0.113508,0.049230,-0.092786,0.039642,0.989898
2011-09-26T13:15:11.856429,3920,-0.105949,0.093682,0.045125,-0.091604,0.040499,0.988845
2011-09-26T13:15:11.866429,3930,-0.179493,0.073856,0.041020,-0.090422,0.041355,0.987792
2011-09-26T13:15:11.876429,3940,-0.204143,0.049495,0.052577,-0.088857,0.039672,0.988229
2011-09-26T13:15:11.886429,3950,-0.228109,0.025071,0.064354,-0.087285,0.037953,0.988687
2011-09-26T13:15:11.896429,3960,-0.252075,0.000646,0.076131,-0.085714,0.036234,0.989144
2011-09-26T13:15:11.906429,3970,-0.276041,-0.023778,0.087908,-0.084143,0.034515,0.989602
2011-09-26T13:15:11.916429,3980,-0.300007,-0.048203,0.099684,-0.082572,0.032795,0.990059
2011-09-26T13:15:11.926429,3990,-0.323972,-0.072627,0.111461,-0.081000,0.031076,0.990517
2011-09-26T13:15:11.936429,4000,-0.347938,-0.097052,0.123238,-0.079429,0.029357,0.990974
2011-09-26T13:15:11.946429,4010,-0.371904,-0.121476,0.135014,-0.077858,0.027638,0.991432
2011-09-26T13:15:11.956429,4020,-0.395870,-0.145901,0.146791,-0.076286,0.025919,0.991889
2011-09-26T13:15:11.966429,4030,-0.419836,-0.170325,0.158568,-0.074715,0.024200,0.992347
2011-09-26T13:15:11.976429,4040,-0.427887,-0.174749,0.164561,-0.074105,0.023715,0.992730
2011-09-26T13:15:11.986429,4050,-0.435719,-0.178899,0.170475,-0.073507,0.023247,0.993113
2011-09-26T13:15:11.996429,4060,-0.443552,-0.183048,0.176389,-0.072910,0.022779,0.993495
2011-09-26T13:15:12.006429,4070,-0.451384,-0.187198,0.182303,-0.072312,0.022311,0.993878
2011-09-26T13:15:12.016429,4080,-0.459217,-0.191348,0.188217,-0.071715,0.021843,0.994260
2011-09-26T13:15:12.026429,4090,-0.467049,-0.195497,0.194131,-0.071117,0.021375,0.994642
2011-09-26T13:15:12.036429,4100,-0.474881,-0.199647,0.200045,-0.070520,0.020908,0.995025
2011-09-26T13:15:12.046429,4110,-0.482714,-0.203797,0.205959,-0.069923,0.020440,0.995407
2011-09-26T13:15:12.056429,4120,-0.490546,-0.207947,0.211873,-0.069325,0.019972,0.995790
2011-09-26T13:15:12.066429,4130,-0.498379,-0.212096,0.217787,-0.068728,0.019504,0.996172
2011-09-26T13:15:12.076429,4140,-0.506211,-0.216246,0.223701,-0.068130,0.019036,0.996554
2011-09-26T13:15:12.086429,4150,-0.448128,-0.215065,0.197229,-0.068401,0.018817,0.997666
2011-09-26T13:15:12.096429,4160,-0.389047,-0.213803,0.170268,-0.068684,0.018602,0.998788
2011-09-26T13:15:12.106429,4170,-0.329967,-0.212542,0.143306,-0.068968,0.018387,0.999911
2011-09-26T13:15:12.116429,4180,-0.270887,-0.211280,0.116345,-0.069252,0.018172,1.001033
2011-09-26T13:15:12.126429,4190,-0.211807,-0.210018,0.089383,-0.069535,0.017957,1.002155
2011-09-26T13:15:12.136429,4200,-0.152726,-0.208756,0.062422,-0.069819,0.017742,1.003278
2011-09-26T13:15:12.146429,4210,-0.093646,-0.207495,0.035460,-0.070103,0.017528,1.004400
2011-09-26T13:15:12.156429,4220,-0.034566,-0.206233,0.008499,-0.070387,0.017313,1.005523
2011-09-26T13:15:12.166429,4230,0.024514,-0.204971,-0.018463,-0.070670,0.017098,1.006645
2011-09-26T13:15:12.176429,4240,0.083595,-0.203709,-0.045424,-0.070954,0.016883,1.007768
2011-09-26T13:15:12.186429,4250,0.101651,-0.198156,-0.031805,-0.070848,0.017103,1.007304
2011-09-26T13:15:12.196429,4260,0.119040,-0.192532,-0.017526,-0.070737,0.017331,1.006815
2011-09-26T13:15:12.206429,4270,0.136429,-0.186908,-0.003247,-0.070625,0.017559,1.006326
2011-09-26T13:15:12.216429,4280,0.153818,-0.181284,0.011032,-0.070513,0.017787,1.005837
2011-09-26T13:15:12.226429,4290,0.171207,-0.175660,0.025311,-0.070401,0.018015,1.005348
2011-09-26T13:15:12.236429,4300,0.188596,-0.170037,0.039590,-0.070290,0.018243,1.004859
2011-09-26T13:15:12.246429,4310,0.205984,-0.164413,0.053870,-0.070178,0.018471,1.004370
2011-09-26T13:15:12.256429,4320,0.223373,-0.158789,0.068149,-0.070066,0.018699,1.003881
2011-09-26T13:15:12.266429,4330,0.240762,-0.153165,0.082428,-0.069954,0.018927,1.003392
2011-09-26T13:15:12.276429,4340,0.258151,-0.147541,0.096707,-0.069843,0.019155,1.002903
2011-09-26T13:15:12.286429,4350,0.250255,-0.130160,0.099506,-0.070270,0.020625,1.002227
2011-09-26T13:15:12.296429,4360,0.241847,-0.112542,0.102073,-0.070708,0.022119,1.001547
2011-09-26T13:15:12.306429,4370,0.233440,-0.094923,0.104640,-0.071146,0.023614,1.000868
2011-09-26T13:15:12.316429,4380,0.225033,-0.077305,0.107207,-0.071584,0.025109,1.000188
2011-09-26T13:15:12.326429,4390,0.216625,-0.059686,0.109774,-0.072022,0.026604,0.999509
2011-09-26T13:15:12.336429,4400,0.208218,-0.042067,0.112341,-0.072460,0.028099,0.998829
2011-09-26T13:15:12.346429,4410,0.199811,-0.024449,0.114908,-0.072898,0.029594,0.998150
2011-09-26T13:15:12.356429,4420,0.191404,-0.006830,0.117475,-0.073337,0.031089,0.997470
2011-09-26T13:15:12.366429,4430,0.182996,0.010788,0.120042,-0.073775,0.032584,0.996791
2011-09-26T13:15:12.376429,4440,0.174589,0.028407,0.122609,-0.074213,0.034079,0.996111
2011-09-26T13:15:12.386429,4450,0.166182,0.046025,0.125176,-0.074651,0.035574,0.995431
2011-09-26T13:15:12.396429,4460,0.138330,0.039746,0.122198,-0.075296,0.034755,0.995968
2011-09-26T13:15:12.406429,4470,0.110209,0.033135,0.119143,-0.075944,0.033905,0.996521
2011-09-26T13:15:12.416429,4480,0.082087,0.026524,0.116088,-0.076591,0.033054,0.997075
2011-09-26T13:15:12.426429,4490,0.053966,0.019913,0.113034,-0.077239,0.032204,0.997628
2011-09-26T13:15:12.436429,4500,0.025845,0.013302,0.109979,-0.077887,0.031353,0.998182
2011-09-26T13:15:12.446429,4510,-0.002277,0.006690,0.106924,-0.078535,0.030503,0.998735
2011-09-26T13:15:12.456429,4520,-0.030398,0.000079,0.103870,-0.079183,0.029652,0.999288
2011-09-26T13:15:12.466429,4530,-0.058520,-0.006532,0.100815,-0.079830,0.028802,0.999842
2011-09-26T13:15:12.476429,4540,-0.086641,-0.013143,0.097760,-0.080478,0.027952,1.000395
2011-09-26T13:15:12.486429,4550,-0.114763,-0.019754,0.094705,-0.081126,0.027101,1.000949
2011-09-26T13:15:12.496429,4560,-0.108174,-0.001763,0.099997,-0.082096,0.026406,1.000995
2011-09-26T13:15:12.506429,4570,-0.100859,0.016743,0.105463,-0.083072,0.025715,1.001030
2011-09-26T13:15:12.516429,4580,-0.093544,0.035250,0.110929,-0.084049,0.025024,1.001065
2011-09-26T13:15:12.526429,4590,-0.086229,0.053756,0.116394,-0.085025,0.024332,1.001101
2011-09-26T13:15:12.536429,4600,-0.078914,0.072262,0.121860,-0.086002,0.023641,1.001136
2011-09-26T13:15:12.546429,4610,-0.071599,0.090769,0.127326,-0.086978,0.022950,1.001171
2011-09-26T13:15:12.556429,4620,-0.064284,0.109275,0.132792,-0.087954,0.022258,1.001207
2011-09-26T13:15:12.566429,4630,-0.056969,0.127781,0.138258,-0.088931,0.021567,1.001242
2011-09-26T13:15:12.576429,4640,-0.049654,0.146288,0.143724,-0.089907,0.020876,1.001278
2011-09-26T13:15:12.586429,4650,-0.042339,0.164794,0.149190,-0.090884,0.020184,1.001313
2011-09-26T13:15:12.596429,4660,-0.035024,0.183300,0.154656,-0.091860,0.019493,1.001348
2011-09-26T13:15:12.606429,4670,-0.022541,0.175296,0.147478,-0.092709,0.020033,1.000969
2011-09-26T13:15:12.616429,4680,-0.009888,0.166421,0.139885,-0.093554,0.020614,1.000576
2011-09-26T13:15:12.626429,4690,0.002765,0.157546,0.132291,-0.094399,0.021194,1.000184
2011-09-26T13:15:12.636429,4700,0.015418,0.148671,0.124698,-0.095244,0.021775,0.999791
2011-09-26T13:15:12.646429,4710,0.028071,0.139796,0.117105,-0.096089,0.022356,0.999398
2011-09-26T13:15:12.656429,4720,0.040724,0.130921,0.109511,-0.096934,0.022936,0.999005
2011-09-26T13:15:12.666429,4730,0.053376,0.122046,0.101918,-0.097779,0.023517,0.998612
2011-09-26T13:15:12.676429,4740,0.066029,0.113171,0.094325,-0.098624,0.024097,0.998220
2011-09-26T13:15:12.686429,4750,0.078682,0.104296,0.086731,-0.099469,0.024678,0.997827
2011-09-26T13:15:12.696429,4760,0.091335,0.095421,0.079138,-0.100314,0.025259,0.997434
2011-09-26T13:15:12.706429,4770,0.093345,0.090049,0.073931,-0.101084,0.025652,0.997327
2011-09-26T13:15:12.716429,4780,0.094984,0.084799,0.068807,-0.101850,0.026039,0.997229
2011-09-26T13:15:12.726429,4790,0.096624,0.079549,0.063683,-0.102617,0.026426,0.997132
2011-09-26T13:15:12.736429,4800,0.098264,0.074299,0.058559,-0.103384,0.026813,0.997034
2011-09-26T13:15:12.746429,4810,0.099903,0.069049,0.053434,-0.104151,0.027200,0.996937
2011-09-26T13:15:12.756429,4820,0.101543,0.063799,0.048310,-0.104918,0.027587,0.996839
2011-09-26T13:15:12.766429,4830,0.103183,0.058550,0.043186,-0.105685,0.027974,0.996741
2011-09-26T13:15:12.776429,4840,0.104822,0.053300,0.038062,-0.106452,0.028361,0.996644
2011-09-26T13:15:12.786429,4850,0.106462,0.048050,0.032938,-0.107219,0.028748,0.996546
2011-09-26T13:15:12.796429,4860,0.108101,0.042800,0.027814,-0.107985,0.029135,0.996449
2011-09-26T13:15:12.806429,4870,0.109606,0.054825,0.026797,-0.108361,0.028486,0.996900
2011-09-26T13:15:12.816429,4880,0.111107,0.067237,0.025872,-0.108728,0.027813,0.997364
2011-09-26T13:15:12.826429,4890,0.112609,0.079649,0.024947,-0.109096,0.027140,0.997828
2011-09-26T13:15:12.836429,4900,0.114110,0.092060,0.024023,-0.109463,0.026468,0.998292
2011-09-26T13:15:12.846429,4910,0.115612,0.104472,0.023098,-0.109830,0.025795,0.998756
2011-09-26T13:15:12.856429,4920,0.117113,0.116884,0.022173,-0.110197,0.025123,0.999219
2011-09-26T13:15:12.866429,4930,0.118615,0.129296,0.021248,-0.110564,0.024450,0.999683
2011-09-26T13:15:12.876429,4940,0.120116,0.141708,0.020323,-0.110931,0.023778,1.000147
2011-09-26T13:15:12.886429,4950,0.121618,0.154120,0.019399,-0.111299,0.023105,1.000611
2011-09-26T13:15:12.896429,4960,0.123119,0.166532,0.018474,-0.111666,0.022432,1.001075
2011-09-26T13:15:12.906429,4970,0.124620,0.178944,0.017549,-0.112033,0.021760,1.001539
2011-09-26T13:15:12.916429,4980,0.133563,0.192633,0.024101,-0.111363,0.022035,1.000744
2011-09-26T13:15:12.926429,4990,0.142670,0.206350,0.030818,-0.110670,0.022331,0.999921
2011-09-26T13:15:12.936429,5000,0.151776,0.220068,0.037536,-0.109977,0.022627,0.999098
2011-09-26T13:15:12.946429,5010,0.160883,0.233785,0.044253,-0.109284,0.022923,0.998276
2011-09-26T13:15:12.956429,5020,0.169990,0.247503,0.050970,-0.108591,0.023219,0.997453
2011-09-26T13:15:12.966429,5030,0.179097,0.261220,0.057687,-0.107898,0.023516,0.996630
2011-09-26T13:15:12.976429,5040,0.188204,0.274938,0.064405,-0.107205,0.023812,0.995808
2011-09-26T13:15:12.986429,5050,0.197310,0.288655,0.071122,-0.106512,0.024108,0.994985
2011-09-26T13:15:12.996429,5060,0.206417,0.302373,0.077839,-0.105819,0.024404,0.994162
2011-09-26T13:15:13.006429,5070,0.215524,0.316090,0.084557,-0.105126,0.024700,0.993340
2011-09-26T13:15:13.016429,5080,0.204675,0.264106,0.079185,-0.102678,0.025281,0.993221
2011-09-26T13:15:13.026429,5090,0.193556,0.211229,0.073648,-0.100206,0.025865,0.993111
2011-09-26T13:15:13.036429,5100,0.182436,0.158352,0.068112,-0.097735,0.026450,0.993002
2011-09-26T13:15:13.046429,5110,0.171317,0.105475,0.062576,-0.095263,0.027035,0.992893
2011-09-26T13:15:13.056429,5120,0.160197,0.052599,0.057040,-0.092791,0.027619,0.992783
2011-09-26T13:15:13.066429,5130,0.149077,-0.000278,0.051503,-0.090320,0.028204,0.992674
2011-09-26T13:15:13.076429,5140,0.137958,-0.053155,0.045967,-0.087848,0.028789,0.992565
2011-09-26T13:15:13.086429,5150,0.126838,-0.106032,0.040431,-0.085377,0.029373,0.992456
2011-09-26T13:15:13.096429,5160,0.115719,-0.158909,0.034895,-0.082905,0.029958,0.992346
2011-09-26T13:15:13.106429,5170,0.104599,-0.211785,0.029359,-0.080433,0.030543,0.992237
2011-09-26T13:15:13.116429,5180,0.089863,-0.222777,0.026606,-0.078488,0.030336,0.992780
2011-09-26T13:15:13.126429,5190,0.075059,-0.232995,0.023904,-0.076552,0.030115,0.993334
2011-09-26T13:15:13.136429,5200,0.060256,-0.243214,0.021202,-0.074616,0.029894,0.993889
2011-09-26T13:15:13.146429,5210,0.045453,-0.253432,0.018501,-0.072680,0.029672,0.994443
2011-09-26T13:15:13.156429,5220,0.030650,-0.263651,0.015799,-0.070745,0.029451,0.994998
2011-09-26T13:15:13.166429,5230,0.015847,-0.273869,0.013098,-0.068809,0.029230,0.995553
2011-09-26T13:15:13.176429,5240,0.001044,-0.284088,0.010396,-0.066873,0.029009,0.996107
2011-09-26T13:15:13.186429,5250,-0.013759,-0.294306,0.007694,-0.064937,0.028787,0.996662
2011-09-26T13:15:13.196429,5260,-0.028563,-0.304525,0.004993,-0.063002,0.028566,0.997217
2011-09-26T13:15:13.206429,5270,-0.043366,-0.314743,0.002291,-0.061066,0.028345,0.997771
2011-09-26T13:15:13.216429,5280,-0.058169,-0.324962,-0.000410,-0.059130,0.028124,0.998326
2011-09-26T13:15:13.226429,5290,-0.061331,-0.303288,-0.000737,-0.059130,0.027734,0.998945
2011-09-26T13:15:13.236429,5300,-0.063983,-0.280216,-0.000959,-0.059215,0.027338,0.999568
2011-09-26T13:15:13.246429,5310,-0.066634,-0.257143,-0.001181,-0.059300,0.026941,1.000190
2011-09-26T13:15:13.256429,5320,-0.069286,-0.234071,-0.001403,-0.059385,0.026544,1.000813
2011-09-26T13:15:13.266429,5330,-0.071937,-0.210998,-0.001625,-0.059470,0.026147,1.001435
2011-09-26T13:15:13.276429,5340,-0.074589,-0.187926,-0.001847,-0.059555,0.025751,1.002058
2011-09-26T13:15:13.286429,5350,-0.077241,-0.164853,-0.002069,-0.059640,0.025354,1.002680
2011-09-26T13:15:13.296429,5360,-0.079892,-0.141781,-0.002291,-0.059726,0.024957,1.003302
2011-09-26T13:15:13.306429,5370,-0.082544,-0.118708,-0.002513,-0.059811,0.024560,1.003925
2011-09-26T13:15:13.316429,5380,-0.085196,-0.095636,-0.002735,-0.059896,0.024164,1.004547
2011-09-26T13:15:13.326429,5390,-0.070738,-0.081490,0.000200,-0.060452,0.023967,1.004762
2011-09-26T13:15:13.336429,5400,-0.055987,-0.067497,0.003190,-0.061016,0.023773,1.004970
2011-09-26T13:15:13.346429,5410,-0.041236,-0.053504,0.006179,-0.061580,0.023580,1.005178
2011-09-26T13:15:13.356429,5420,-0.026484,-0.039512,0.009169,-0.062145,0.023386,1.005386
2011-09-26T13:15:13.366429,5430,-0.011733,-0.025519,0.012158,-0.062709,0.023193,1.005594
2011-09-26T13:15:13.376429,5440,0.003018,-0.011526,0.015148,-0.063273,0.023000,1.005802
2011-09-26T13:15:13.386429,5450,0.017769,0.002466,0.018137,-0.063838,0.022806,1.006010
2011-09-26T13:15:13.396429,5460,0.032521,0.016459,0.021127,-0.064402,0.022613,1.006218
2011-09-26T13:15:13.406429,5470,0.047272,0.030452,0.024116,-0.064966,0.022419,1.006426
2011-09-26T13:15:13.416429,5480,0.062023,0.044445,0.027106,-0.065530,0.022226,1.006634
2011-09-26T13:15:13.426429,5490,0.080885,0.047993,0.023412,-0.066024,0.022423,1.006260
2011-09-26T13:15:13.436429,5500,0.099830,0.051327,0.019581,-0.066517,0.022628,1.005873
2011-09-26T13:15:13.446429,5510,0.118776,0.054662,0.015750,-0.067010,0.022833,1.005487
2011-09-26T13:15:13.456429,5520,0.137721,0.057997,0.011920,-0.067502,0.023038,1.005100
2011-09-26T13:15:13.466429,5530,0.156667,0.061331,0.008089,-0.067995,0.023243,1.004714
2011-09-26T13:15:13.476429,5540,0.175612,0.064666,0.004259,-0.068488,0.023448,1.004327
2011-09-26T13:15:13.486429,5550,0.194558,0.068001,0.000428,-0.068980,0.023653,1.003940
2011-09-26T13:15:13.496429,5560,0.213503,0.071335,-0.003403,-0.069473,0.023858,1.003554
2011-09-26T13:15:13.506429,5570,0.232449,0.074670,-0.007233,-0.069966,0.024063,1.003167
2011-09-26T13:15:13.516429,5580,0.251394,0.078005,-0.011064,-0.070458,0.024268,1.002781
2011-09-26T13:15:13.526429,5590,0.270340,0.081339,-0.014894,-0.070951,0.024473,1.002394
2011-09-26T13:15:13.536429,5600,0.275145,0.094221,-0.017650,-0.071435,0.024747,1.001962
2011-09-26T13:15:13.546429,5610,0.279676,0.107287,-0.020386,-0.071919,0.025022,1.001530
2011-09-26T13:15:13.556429,5620,0.284208,0.120353,-0.023121,-0.072404,0.025298,1.001097
2011-09-26T13:15:13.566429,5630,0.288739,0.133419,-0.025856,-0.072888,0.025573,1.000665
2011-09-26T13:15:13.576429,5640,0.293271,0.146486,-0.028591,-0.073372,0.025848,1.000232
2011-09-26T13:15:13.586429,5650,0.297802,0.159552,-0.031327,-0.073856,0.026124,0.999800
2011-09-26T13:15:13.596429,5660,0.302334,0.172618,-0.034062,-0.074340,0.026399,0.999367
2011-09-26T13:15:13.606429,5670,0.306865,0.185684,-0.036797,-0.074824,0.026674,0.998935
2011-09-26T13:15:13.616429,5680,0.311397,0.198751,-0.039532,-0.075309,0.026950,0.998502
2011-09-26T13:15:13.626429,5690,0.315928,0.211817,-0.042267,-0.075793,0.027225,0.998070
2011-09-26T13:15:13.636429,5700,0.298549,0.197558,-0.039719,-0.075757,0.027765,0.997599
2011-09-26T13:15:13.646429,5710,0.280753,0.182778,-0.037070,-0.075712,0.028310,0.997127
2011-09-26T13:15:13.656429,5720,0.262956,0.167998,-0.034420,-0.075667,0.028855,0.996654
2011-09-26T13:15:13.666429,5730,0.245160,0.153219,-0.031771,-0.075621,0.029400,0.996182
2011-09-26T13:15:13.676429,5740,0.227364,0.138439,-0.029122,-0.075576,0.029945,0.995710
2011-09-26T13:15:13.686429,5750,0.209567,0.123659,-0.026473,-0.075530,0.030490,0.995238
2011-09-26T13:15:13.696429,5760,0.191771,0.108879,-0.023824,-0.075485,0.031035,0.994766
2011-09-26T13:15:13.706429,5770,0.173974,0.094100,-0.021174,-0.075439,0.031580,0.994294
2011-09-26T13:15:13.716429,5780,0.156178,0.079320,-0.018525,-0.075394,0.032125,0.993822
2011-09-26T13:15:13.726429,5790,0.138381,0.064540,-0.015876,-0.075349,0.032670,0.993350
2011-09-26T13:15:13.736429,5800,0.120585,0.049760,-0.013227,-0.075303,0.033215,0.992878
2011-09-26T13:15:13.746429,5810,0.109331,0.027090,-0.013276,-0.073193,0.032819,0.993134
2011-09-26T13:15:13.756429,5820,0.098281,0.004175,-0.013409,-0.071018,0.032395,0.993413
2011-09-26T13:15:13.766429,5830,0.087232,-0.018741,-0.013543,-0.068844,0.031970,0.993692
2011-09-26T13:15:13.776429,5840,0.076182,-0.041657,-0.013676,-0.066669,0.031545,0.993971
2011-09-26T13:15:13.786429,5850,0.065132,-0.064573,-0.013810,-0.064495,0.031120,0.994250
2011-09-26T13:15:13.796429,5860,0.054083,-0.087488,-0.013943,-0.062320,0.030695,0.994529
2011-09-26T13:15:13.806429,5870,0.043033,-0.110404,-0.014077,-0.060146,0.030271,0.994808
2011-09-26T13:15:13.816429,5880,0.031983,-0.133320,-0.014210,-0.057971,0.029846,0.995087
2011-09-26T13:15:13.826429,5890,0.020933,-0.156236,-0.014343,-0.055796,0.029421,0.995365
2011-09-26T13:15:13.836429,5900,0.009884,-0.179151,-0.014477,-0.053622,0.028996,0.995644
2011-09-26T13:15:13.846429,5910,-0.004306,-0.182947,-0.015768,-0.051106,0.028958,0.995724
2011-09-26T13:15:13.856429,5920,-0.018567,-0.186301,-0.017086,-0.048581,0.028928,0.995799
2011-09-26T13:15:13.866429,5930,-0.032829,-0.189655,-0.018405,-0.046057,0.028899,0.995874
2011-09-26T13:15:13.876429,5940,-0.047091,-0.193010,-0.019723,-0.043533,0.028869,0.995949
2011-09-26T13:15:13.886429,5950,-0.061353,-0.196364,-0.021041,-0.041008,0.028839,0.996024
2011-09-26T13:15:13.896429,5960,-0.075614,-0.199718,-0.022359,-0.038484,0.028810,0.996099
2011-09-26T13:15:13.906429,5970,-0.089876,-0.203072,-0.023677,-0.035960,0.028780,0.996175
2011-09-26T13:15:13.916429,5980,-0.104138,-0.206426,-0.024995,-0.033436,0.028751,0.996250
2011-09-26T13:15:13.926429,5990,-0.118400,-0.209780,-0.026313,-0.030911,0.028721,0.996325
2011-09-26T13:15:13.936429,6000,-0.132661,-0.213134,-0.027632,-0.028387,0.028692,0.996400
2011-09-26T13:15:13.946429,6010,-0.124119,-0.209168,-0.029506,-0.028121,0.028242,0.997275
2011-09-26T13:15:13.956429,6020,-0.115020,-0.205024,-0.031394,-0.027910,0.027783,0.998170
2011-09-26T13:15:13.966429,6030,-0.105922,-0.200879,-0.033281,-0.027698,0.027323,0.999065
2011-09-26T13:15:13.976429,6040,-0.096823,-0.196735,-0.035169,-0.027487,0.026863,0.999960
2011-09-26T13:15:13.986429,6050,-0.087725,-0.192590,-0.037057,-0.027276,0.026404,1.000855
2011-09-26T13:15:13.996429,6060,-0.078626,-0.188445,-0.038945,-0.027065,0.025944,1.001750
2011-09-26T13:15:14.006429,6070,-0.069528,-0.184301,-0.040833,-0.026854,0.025484,1.002645
2011-09-26T13:15:14.016429,6080,-0.060429,-0.180156,-0.042720,-0.026643,0.025025,1.003540
2011-09-26T13:15:14.026429,6090,-0.051331,-0.176012,-0.044608,-0.026431,0.024565,1.004435
2011-09-26T13:15:14.036429,6100,-0.042232,-0.171867,-0.046496,-0.026220,0.024105,1.005330
2011-09-26T13:15:14.046429,6110,-0.033134,-0.167723,-0.048384,-0.026009,0.023646,1.006226
2011-09-26T13:15:14.056429,6120,-0.024414,-0.146669,-0.047102,-0.026183,0.023767,1.006222
2011-09-26T13:15:14.066429,6130,-0.015705,-0.125173,-0.045737,-0.026367,0.023903,1.006195
2011-09-26T13:15:14.076429,6140,-0.006995,-0.103677,-0.044372,-0.026551,0.024040,1.006168
2011-09-26T13:15:14.086429,6150,0.001715,-0.082180,-0.043007,-0.026735,0.024176,1.006141
2011-09-26T13:15:14.096429,6160,0.010424,-0.060684,-0.041642,-0.026919,0.024312,1.006114
2011-09-26T13:15:14.106429,6170,0.019134,-0.039188,-0.040277,-0.027103,0.024449,1.006087
2011-09-26T13:15:14.116429,6180,0.027844,-0.017691,-0.038912,-0.027287,0.024585,1.006060
2011-09-26T13:15:14.126429,6190,0.036554,0.003805,-0.037547,-0.027471,0.024721,1.006033
2011-09-26T13:15:14.136429,6200,0.045263,0.025301,-0.036182,-0.027655,0.024858,1.006006
2011-09-26T13:15:14.146429,6210,0.053973,0.046798,-0.034817,-0.027839,0.024994,1.005978
2011-09-26T13:15:14.156429,6220,0.063646,0.058164,-0.032145,-0.028217,0.025437,1.005324
2011-09-26T13:15:14.166429,6230,0.073344,0.069266,-0.029440,-0.028600,0.025888,1.004653
2011-09-26T13:15:14.176429,6240,0.083042,0.080368,-0.026734,-0.028983,0.026340,1.003982
2011-09-26T13:15:14.186429,6250,0.092739,0.091471,-0.024028,-0.029367,0.026791,1.003311
2011-09-26T13:15:14.196429,6260,0.102437,0.102573,-0.021322,-0.029750,0.027242,1.002640
2011-09-26T13:15:14.206429,6270,0.112135,0.113675,-0.018616,-0.030133,0.027693,1.001969
2011-09-26T13:15:14.216429,6280,0.121833,0.124777,-0.015911,-0.030516,0.028144,1.001298
2011-09-26T13:15:14.226429,6290,0.131531,0.135880,-0.013205,-0.030899,0.028595,1.000627
2011-09-26T13:15:14.236429,6300,0.141229,0.146982,-0.010499,-0.031283,0.029046,0.999955
2011-09-26T13:15:14.246429,6310,0.150927,0.158084,-0.007793,-0.031666,0.029497,0.999284
2011-09-26T13:15:14.256429,6320,0.142102,0.154312,-0.011543,-0.031860,0.029557,0.999115
2011-09-26T13:15:14.266429,6330,0.132654,0.150039,-0.015510,-0.032047,0.029603,0.998962
2011-09-26T13:15:14.276429,6340,0.123205,0.145766,-0.019477,-0.032235,0.029649,0.998810
2011-09-26T13:15:14.286429,6350,0.113757,0.141492,-0.023445,-0.032422,0.029695,0.998657
2011-09-26T13:15:14.296429,6360,0.104308,0.137219,-0.027412,-0.032610,0.029741,0.998505
2011-09-26T13:15:14.306429,6370,0.094859,0.132946,-0.031379,-0.032797,0.029787,0.998352
2011-09-26T13:15:14.316429,6380,0.085411,0.128673,-0.035346,-0.032985,0.029833,0.998200
2011-09-26T13:15:14.326429,6390,0.075962,0.124400,-0.039313,-0.033172,0.029879,0.998047
2011-09-26T13:15:14.336429,6400,0.066514,0.120126,-0.043281,-0.033360,0.029925,0.997894
2011-09-26T13:15:14.346429,6410,0.057065,0.115853,-0.047248,-0.033547,0.029971,0.997742
2011-09-26T13:15:14.356429,6420,0.047616,0.111580,-0.051215,-0.033735,0.030017,0.997589
2011-09-26T13:15:14.366429,6430,0.035572,0.109804,-0.044438,-0.033746,0.029673,0.997337
2011-09-26T13:15:14.376429,6440,0.023451,0.108102,-0.037342,-0.033752,0.029317,0.997083
2011-09-26T13:15:14.386429,6450,0.011329,0.106400,-0.030246,-0.033758,0.028962,0.996828
2011-09-26T13:15:14.396429,6460,-0.000792,0.104698,-0.023149,-0.033765,0.028606,0.996573
2011-09-26T13:15:14.406429,6470,-0.012914,0.102997,-0.016053,-0.033771,0.028250,0.996318
2011-09-26T13:15:14.416429,6480,-0.025035,0.101295,-0.008956,-0.033777,0.027894,0.996063
2011-09-26T13:15:14.426429,6490,-0.037157,0.099593,-0.001860,-0.033783,0.027539,0.995809
2011-09-26T13:15:14.436429,6500,-0.049278,0.097891,0.005236,-0.033789,0.027183,0.995554
2011-09-26T13:15:14.446429,6510,-0.061400,0.096190,0.012333,-0.033795,0.026827,0.995299
2011-09-26T13:15:14.456429,6520,-0.073521,0.094488,0.019429,-0.033801,0.026472,0.995044
2011-09-26T13:15:14.466429,6530,-0.066291,0.078394,0.018091,-0.033006,0.026442,0.995235
2011-09-26T13:15:14.476429,6540,-0.058407,0.061814,0.016468,-0.032183,0.026423,0.995440
2011-09-26T13:15:14.486429,6550,-0.050523,0.045234,0.014845,-0.031361,0.026404,0.995645
2011-09-26T13:15:14.496429,6560,-0.042639,0.028654,0.013222,-0.030538,0.026385,0.995851
2011-09-26T13:15:14.506429,6570,-0.034754,0.012074,0.011598,-0.029716,0.026366,0.996056
2011-09-26T13:15:14.516429,6580,-0.026870,-0.004506,0.009975,-0.028893,0.026347,0.996261
2011-09-26T13:15:14.526429,6590,-0.018986,-0.021086,0.008352,-0.028071,0.026328,0.996467
2011-09-26T13:15:14.536429,6600,-0.011101,-0.037666,0.006729,-0.027248,0.026310,0.996672
2011-09-26T13:15:14.546429,6610,-0.003217,-0.054246,0.005106,-0.026426,0.026291,0.996877
2011-09-26T13:15:14.556429,6620,0.004667,-0.070826,0.003482,-0.025603,0.026272,0.997083
2011-09-26T13:15:14.566429,6630,0.004735,-0.071320,0.001960,-0.025541,0.026401,0.997561
2011-09-26T13:15:14.576429,6640,0.004579,-0.071353,0.000441,-0.025501,0.026534,0.998048
2011-09-26T13:15:14.586429,6650,0.004423,-0.071387,-0.001078,-0.025461,0.026668,0.998534
2011-09-26T13:15:14.596429,6660,0.004267,-0.071420,-0.002597,-0.025421,0.026801,0.999020
2011-09-26T13:15:14.606429,6670,0.004112,-0.071454,-0.004116,-0.025381,0.026934,0.999507
2011-09-26T13:15:14.616429,6680,0.003956,-0.071487,-0.005635,-0.025341,0.027068,0.999993
2011-09-26T13:15:14.626429,6690,0.003800,-0.071521,-0.007154,-0.025301,0.027201,1.000479
2011-09-26T13:15:14.636429,6700,0.003644,-0.071555,-0.008674,-0.025261,0.027334,1.000966
2011-09-26T13:15:14.646429,6710,0.003489,-0.071588,-0.010193,-0.025220,0.027468,1.001452
2011-09-26T13:15:14.656429,6720,0.003333,-0.071622,-0.011712,-0.025180,0.027601,1.001938
2011-09-26T13:15:14.666429,6730,0.003177,-0.071655,-0.013231,-0.025140,0.027734,1.002425
2011-09-26T13:15:14.676429,6740,0.000642,-0.072808,-0.012323,-0.024890,0.027714,1.002256
2011-09-26T13:15:14.686429,6750,-0.001954,-0.073990,-0.011352,-0.024635,0.027689,1.002071
2011-09-26T13:15:14.696429,6760,-0.004550,-0.075171,-0.010381,-0.024380,0.027665,1.001885
2011-09-26T13:15:14.706429,6770,-0.007147,-0.076353,-0.009410,-0.024125,0.027640,1.001700
2011-09-26T13:15:14.716429,6780,-0.009743,-0.077535,-0.008439,-0.023869,0.027616,1.001514
2011-09-26T13:15:14.726429,6790,-0.012340,-0.078717,-0.007468,-0.023614,0.027591,1.001329
2011-09-26T13:15:14.736429,6800,-0.014936,-0.079898,-0.006497,-0.023359,0.027567,1.001143
2011-09-26T13:15:14.746429,6810,-0.017532,-0.081080,-0.005526,-0.023104,0.027542,1.000958
2011-09-26T13:15:14.756429,6820,-0.020129,-0.082262,-0.004555,-0.022848,0.027518,1.000772
2011-09-26T13:15:14.766429,6830,-0.022725,-0.083444,-0.003584,-0.022593,0.027493,1.000587
2011-09-26T13:15:14.776429,6840,-0.022979,-0.086408,0.002549,-0.021355,0.027450,1.000535
2011-09-26T13:15:14.786429,6850,-0.023148,-0.089437,0.008870,-0.020082,0.027405,1.000489
2011-09-26T13:15:14.796429,6860,-0.023317,-0.092466,0.015191,-0.018809,0.027361,1.000443
2011-09-26T13:15:14.806429,6870,-0.023486,-0.095495,0.021512,-0.017535,0.027316,1.000396
2011-09-26T13:15:14.816429,6880,-0.023655,-0.098524,0.027832,-0.016262,0.027272,1.000350
2011-09-26T13:15:14.826429,6890,-0.023824,-0.101553,0.034153,-0.014988,0.027228,1.000303
2011-09-26T13:15:14.836429,6900,-0.023992,-0.104582,0.040474,-0.013715,0.027183,1.000257
2011-09-26T13:15:14.846429,6910,-0.024161,-0.107611,0.046795,-0.012442,0.027139,1.000210
2011-09-26T13:15:14.856429,6920,-0.024330,-0.110640,0.053116,-0.011168,0.027095,1.000164
2011-09-26T13:15:14.866429,6930,-0.024499,-0.113669,0.059437,-0.009895,0.027050,1.000118
2011-09-26T13:15:14.876429,6940,-0.023643,-0.117809,0.053268,-0.008309,0.026926,1.000224
2011-09-26T13:15:14.886429,6950,-0.022755,-0.121982,0.046721,-0.006715,0.026799,1.000336
2011-09-26T13:15:14.896429,6960,-0.021868,-0.126156,0.040173,-0.005120,0.026672,1.000447
2011-09-26T13:15:14.906429,6970,-0.020980,-0.130329,0.033626,-0.003525,0.026545,1.000559
2011-09-26T13:15:14.916429,6980,-0.020092,-0.134502,0.027079,-0.001930,0.026418,1.000670
2011-09-26T13:15:14.926429,6990,-0.019205,-0.138676,0.020531,-0.000336,0.026291,1.000781
2011-09-26T13:15:14.936429,7000,-0.018317,-0.142849,0.013984,0.001259,0.026164,1.000893
2011-09-26T13:15:14.946429,7010,-0.017430,-0.147023,0.007437,0.002854,0.026037,1.001004
2011-09-26T13:15:14.956429,7020,-0.016542,-0.151196,0.000889,0.004449,0.025910,1.001116
2011-09-26T13:15:14.966429,7030,-0.015655,-0.155370,-0.005658,0.006044,0.025783,1.001227
2011-09-26T13:15:14.976429,7040,-0.014767,-0.159543,-0.012206,0.007638,0.025656,1.001338
2011-09-26T13:15:14.986429,7050,-0.000215,-0.155443,-0.011093,0.007991,0.025710,1.001385
2011-09-26T13:15:14.996429,7060,0.014790,-0.151068,-0.009726,0.008302,0.025770,1.001430
2011-09-26T13:15:15.006429,7070,0.029796,-0.146694,-0.008360,0.008613,0.025829,1.001475
2011-09-26T13:15:15.016429,7080,0.044801,-0.142319,-0.006993,0.008924,0.025889,1.001520
2011-09-26T13:15:15.026429,7090,0.059806,-0.137944,-0.005626,0.009235,0.025949,1.001565
2011-09-26T13:15:15.036429,7100,0.074812,-0.133570,-0.004260,0.009546,0.026009,1.001610
2011-09-26T13:15:15.046429,7110,0.089817,-0.129195,-0.002893,0.009857,0.026069,1.001655
2011-09-26T13:15:15.056429,7120,0.104822,-0.124820,-0.001526,0.010168,0.026129,1.001700
2011-09-26T13:15:15.066429,7130,0.119827,-0.120445,-0.000159,0.010479,0.026189,1.001746
2011-09-26T13:15:15.076429,7140,0.134833,-0.116071,0.001207,0.010790,0.026248,1.001791
2011-09-26T13:15:15.086429,7150,0.139882,-0.102040,0.006632,0.010613,0.026226,1.001581
2011-09-26T13:15:15.096429,7160,0.144623,-0.087710,0.012183,0.010420,0.026202,1.001363
2011-09-26T13:15:15.106429,7170,0.149363,-0.073380,0.017734,0.010228,0.026177,1.001145
2011-09-26T13:15:15.116429,7180,0.154104,-0.059050,0.023285,0.010035,0.026153,1.000927
2011-09-26T13:15:15.126429,7190,0.158845,-0.044720,0.028836,0.009842,0.026128,1.000709
2011-09-26T13:15:15.136429,7200,0.163585,-0.030390,0.034387,0.009650,0.026104,1.000491
2011-09-26T13:15:15.146429,7210,0.168326,-0.016060,0.039937,0.009457,0.026079,1.000274
2011-09-26T13:15:15.156429,7220,0.173066,-0.001730,0.045488,0.009265,0.026055,1.000056
2011-09-26T13:15:15.166429,7230,0.177807,0.012600,0.051039,0.009072,0.026030,0.999838
2011-09-26T13:15:15.176429,7240,0.182547,0.026930,0.056590,0.008879,0.026006,0.999620
2011-09-26T13:15:15.186429,7250,0.187288,0.041260,0.062141,0.008687,0.025981,0.999402
2011-09-26T13:15:15.196429,7260,0.183346,0.047796,0.056038,0.008228,0.026366,0.999385
2011-09-26T13:15:15.206429,7270,0.179035,0.054001,0.049440,0.007758,0.026767,0.999376
2011-09-26T13:15:15.216429,7280,0.174724,0.060205,0.042842,0.007288,0.027169,0.999367
2011-09-26T13:15:15.226429,7290,0.170412,0.066410,0.036244,0.006818,0.027571,0.999358
2011-09-26T13:15:15.236429,7300,0.166101,0.072614,0.029646,0.006348,0.027972,0.999348
2011-09-26T13:15:15.246429,7310,0.161790,0.078819,0.023047,0.005878,0.028374,0.999339
2011-09-26T13:15:15.256429,7320,0.157479,0.085023,0.016449,0.005408,0.028775,0.999330
2011-09-26T13:15:15.266429,7330,0.153167,0.091228,0.009851,0.004938,0.029177,0.999321
2011-09-26T13:15:15.276429,7340,0.148856,0.097432,0.003253,0.004468,0.029579,0.999312
2011-09-26T13:15:15.286429,7350,0.144545,0.103637,-0.003346,0.003998,0.029980,0.999303
2011-09-26T13:15:15.296429,7360,0.130277,0.107085,-0.007152,0.003202,0.029926,0.999409
2011-09-26T13:15:15.306429,7370,0.115580,0.110415,-0.010839,0.002391,0.029853,0.999519
2011-09-26T13:15:15.316429,7380,0.100884,0.113745,-0.014526,0.001581,0.029779,0.999629
2011-09-26T13:15:15.326429,7390,0.086188,0.117074,-0.018213,0.000770,0.029706,0.999739
2011-09-26T13:15:15.336429,7400,0.071492,0.120404,-0.021900,-0.000041,0.029632,0.999850
2011-09-26T13:15:15.346429,7410,0.056795,0.123734,-0.025587,-0.000851,0.029558,0.999960
2011-09-26T13:15:15.356429,7420,0.042099,0.127064,-0.029274,-0.001662,0.029485,1.000070
2011-09-26T13:15:15.366429,7430,0.027403,0.130393,-0.032961,-0.002473,0.029411,1.000181
2011-09-26T13:15:15.376429,7440,0.012707,0.133723,-0.036648,-0.003283,0.029338,1.000291
2011-09-26T13:15:15.386429,7450,-0.001990,0.137053,-0.040335,-0.004094,0.029264,1.000401
2011-09-26T13:15:15.396429,7460,-0.003341,0.129122,-0.040987,-0.004834,0.029088,1.000549
2011-09-26T13:15:15.406429,7470,-0.004281,0.120843,-0.041545,-0.005572,0.028909,1.000698
2011-09-26T13:15:15.416429,7480,-0.005220,0.112565,-0.042103,-0.006310,0.028730,1.000848
2011-09-26T13:15:15.426429,7490,-0.006160,0.104286,-0.042662,-0.007048,0.028551,1.000997
2011-09-26T13:15:15.436429,7500,-0.007100,0.096008,-0.043220,-0.007787,0.028372,1.001146
2011-09-26T13:15:15.446429,7510,-0.008040,0.087729,-0.043778,-0.008525,0.028193,1.001295
2011-09-26T13:15:15.456429,7520,-0.008979,0.079451,-0.044336,-0.009263,0.028014,1.001444
2011-09-26T13:15:15.466429,7530,-0.009919,0.071173,-0.044895,-0.010001,0.027835,1.001593
2011-09-26T13:15:15.476429,7540,-0.010859,0.062894,-0.045453,-0.010739,0.027656,1.001742
2011-09-26T13:15:15.486429,7550,-0.011798,0.054616,-0.046011,-0.011477,0.027477,1.001892
2011-09-26T13:15:15.496429,7560,-0.012738,0.046337,-0.046569,-0.012215,0.027298,1.002041
2011-09-26T13:15:15.506429,7570,-0.008806,0.053230,-0.047650,-0.012876,0.027002,1.002061
2011-09-26T13:15:15.516429,7580,-0.004706,0.060648,-0.048750,-0.013534,0.026702,1.002078
2011-09-26T13:15:15.526429,7590,-0.000605,0.068067,-0.049849,-0.014193,0.026402,1.002094
2011-09-26T13:15:15.536429,7600,0.003496,0.075485,-0.050948,-0.014851,0.026103,1.002110
2011-09-26T13:15:15.546429,7610,0.007597,0.082904,-0.052047,-0.015510,0.025803,1.002126
2011-09-26T13:15:15.556429,7620,0.011697,0.090322,-0.053146,-0.016168,0.025503,1.002142
2011-09-26T13:15:15.566429,7630,0.015798,0.097741,-0.054246,-0.016826,0.025203,1.002159
2011-09-26T13:15:15.576429,7640,0.019899,0.105159,-0.055345,-0.017485,0.024904,1.002175
2011-09-26T13:15:15.586429,7650,0.023999,0.112578,-0.056444,-0.018143,0.024604,1.002191
2011-09-26T13:15:15.596429,7660,0.028100,0.119996,-0.057543,-0.018801,0.024304,1.002207
2011-09-26T13:15:15.606429,7670,0.034378,0.128134,-0.058132,-0.019230,0.024697,1.001961
2011-09-26T13:15:15.616429,7680,0.040735,0.136298,-0.058703,-0.019651,0.025115,1.001706
2011-09-26T13:15:15.626429,7690,0.047092,0.144463,-0.059273,-0.020071,0.025533,1.001451
2011-09-26T13:15:15.636429,7700,0.053450,0.152627,-0.059844,-0.020491,0.025952,1.001195
2011-09-26T13:15:15.646429,7710,0.059807,0.160791,-0.060414,-0.020912,0.026370,1.000940
2011-09-26T13:15:15.656429,7720,0.066165,0.168956,-0.060985,-0.021332,0.026788,1.000685
2011-09-26T13:15:15.666429,7730,0.072522,0.177120,-0.061555,-0.021753,0.027206,1.000429
2011-09-26T13:15:15.676429,7740,0.078879,0.185284,-0.062126,-0.022173,0.027625,1.000174
2011-09-26T13:15:15.686429,7750,0.085237,0.193448,-0.062696,-0.022593,0.028043,0.999919
2011-09-26T13:15:15.696429,7760,0.091594,0.201613,-0.063267,-0.023014,0.028461,0.999663
2011-09-26T13:15:15.706429,7770,0.092010,0.196512,-0.069390,-0.023793,0.028663,0.999526
2011-09-26T13:15:15.716429,7780,0.092101,0.190684,-0.075817,-0.024592,0.028854,0.999394
2011-09-26T13:15:15.726429,7790,0.092192,0.184857,-0.082245,-0.025391,0.029044,0.999263
2011-09-26T13:15:15.736429,7800,0.092284,0.179029,-0.088672,-0.026190,0.029234,0.999131
2011-09-26T13:15:15.746429,7810,0.092375,0.173202,-0.095099,-0.026989,0.029425,0.999000
2011-09-26T13:15:15.756429,7820,0.092466,0.167375,-0.101526,-0.027788,0.029615,0.998868
2011-09-26T13:15:15.766429,7830,0.092557,0.161547,-0.107954,-0.028586,0.029805,0.998737
2011-09-26T13:15:15.776429,7840,0.092648,0.155720,-0.114381,-0.029385,0.029996,0.998605
2011-09-26T13:15:15.786429,7850,0.092739,0.149892,-0.120808,-0.030184,0.030186,0.998474
2011-09-26T13:15:15.796429,7860,0.092830,0.144065,-0.127235,-0.030983,0.030376,0.998343
2011-09-26T13:15:15.806429,7870,0.092921,0.138238,-0.133663,-0.031782,0.030567,0.998211
2011-09-26T13:15:15.816429,7880,0.081216,0.127200,-0.137474,-0.032173,0.030277,0.998194
2011-09-26T13:15:15.826429,7890,0.069082,0.115972,-0.141191,-0.032550,0.029970,0.998180
2011-09-26T13:15:15.836429,7900,0.056948,0.104744,-0.144908,-0.032926,0.029663,0.998167
2011-09-26T13:15:15.846429,7910,0.044814,0.093517,-0.148624,-0.033303,0.029356,0.998154
2011-09-26T13:15:15.856429,7920,0.032680,0.082289,-0.152341,-0.033680,0.029049,0.998140
2011-09-26T13:15:15.866429,7930,0.020546,0.071061,-0.156057,-0.034056,0.028742,0.998127
2011-09-26T13:15:15.876429,7940,0.008412,0.059834,-0.159774,-0.034433,0.028435,0.998114
2011-09-26T13:15:15.886429,7950,-0.003722,0.048606,-0.163491,-0.034809,0.028128,0.998101
2011-09-26T13:15:15.896429,7960,-0.015856,0.037379,-0.167207,-0.035186,0.027820,0.998087
2011-09-26T13:15:15.906429,7970,-0.027990,0.026151,-0.170924,-0.035562,0.027513,0.998074
2011-09-26T13:15:15.916429,7980,-0.036599,0.023306,-0.164189,-0.034989,0.027625,0.998023
2011-09-26T13:15:15.926429,7990,-0.045084,0.020755,-0.157087,-0.034382,0.027752,0.997972
2011-09-26T13:15:15.936429,8000,-0.053570,0.018203,-0.149985,-0.033775,0.027879,0.997920
2011-09-26T13:15:15.946429,8010,-0.062055,0.015652,-0.142883,-0.033169,0.028005,0.997868
2011-09-26T13:15:15.956429,8020,-0.070541,0.013101,-0.135781,-0.032562,0.028132,0.997816
2011-09-26T13:15:15.966429,8030,-0.079026,0.010550,-0.128679,-0.031955,0.028259,0.997764
2011-09-26T13:15:15.976429,8040,-0.087512,0.007999,-0.121578,-0.031348,0.028385,0.997712
2011-09-26T13:15:15.986429,8050,-0.095997,0.005448,-0.114476,-0.030742,0.028512,0.997661
2011-09-26T13:15:15.996429,8060,-0.104483,0.002897,-0.107374,-0.030135,0.028638,0.997609
2011-09-26T13:15:16.006429,8070,-0.112968,0.000346,-0.100272,-0.029528,0.028765,0.997557
2011-09-26T13:15:16.016429,8080,-0.114647,0.007167,-0.101431,-0.029399,0.028816,0.997834
2011-09-26T13:15:16.026429,8090,-0.116064,0.014348,-0.102908,-0.029289,0.028864,0.998123
2011-09-26T13:15:16.036429,8100,-0.117480,0.021530,-0.104385,-0.029179,0.028913,0.998412
2011-09-26T13:15:16.046429,8110,-0.118897,0.028711,-0.105861,-0.029069,0.028961,0.998701
2011-09-26T13:15:16.056429,8120,-0.120314,0.035892,-0.107338,-0.028958,0.029009,0.998991
2011-09-26T13:15:16.066429,8130,-0.121731,0.043073,-0.108815,-0.028848,0.029057,0.999280
2011-09-26T13:15:16.076429,8140,-0.123148,0.050255,-0.110291,-0.028738,0.029106,0.999569
2011-09-26T13:15:16.086429,8150,-0.124565,0.057436,-0.111768,-0.028628,0.029154,0.999858
2011-09-26T13:15:16.096429,8160,-0.125982,0.064617,-0.113245,-0.028518,0.029202,1.000148
2011-09-26T13:15:16.106429,8170,-0.127399,0.071799,-0.114722,-0.028407,0.029250,1.000437
2011-09-26T13:15:16.116429,8180,-0.128816,0.078980,-0.116198,-0.028297,0.029299,1.000726
2011-09-26T13:15:16.126429,8190,-0.122781,0.073872,-0.112983,-0.028177,0.028778,1.000584
2011-09-26T13:15:16.136429,8200,-0.116482,0.068328,-0.109602,-0.028057,0.028238,1.000427
2011-09-26T13:15:16.146429,8210,-0.110183,0.062784,-0.106220,-0.027937,0.027698,1.000270
2011-09-26T13:15:16.156429,8220,-0.103884,0.057239,-0.102838,-0.027817,0.027157,1.000113
2011-09-26T13:15:16.166429,8230,-0.097585,0.051695,-0.099457,-0.027696,0.026617,0.999956
2011-09-26T13:15:16.176429,8240,-0.091287,0.046151,-0.096075,-0.027576,0.026076,0.999799
2011-09-26T13:15:16.186429,8250,-0.084988,0.040607,-0.092694,-0.027456,0.025536,0.999641
2011-09-26T13:15:16.196429,8260,-0.078689,0.035062,-0.089312,-0.027336,0.024995,0.999484
2011-09-26T13:15:16.206429,8270,-0.072390,0.029518,-0.085930,-0.027216,0.024455,0.999327
2011-09-26T13:15:16.216429,8280,-0.066091,0.023974,-0.082549,-0.027095,0.023914,0.999170
2011-09-26T13:15:16.226429,8290,-0.052414,0.017903,-0.080663,-0.026544,0.023936,0.999277
2011-09-26T13:15:16.236429,8300,-0.038299,0.011800,-0.078865,-0.025968,0.023991,0.999399
2011-09-26T13:15:16.246429,8310,-0.024183,0.005698,-0.077068,-0.025391,0.024047,0.999522
2011-09-26T13:15:16.256429,8320,-0.010068,-0.000404,-0.075271,-0.024814,0.024102,0.999644
2011-09-26T13:15:16.266429,8330,0.004048,-0.006507,-0.073474,-0.024238,0.024157,0.999767
2011-09-26T13:15:16.276429,8340,0.018164,-0.012609,-0.071677,-0.023661,0.024212,0.999889
2011-09-26T13:15:16.286429,8350,0.032279,-0.018712,-0.069880,-0.023084,0.024268,1.000012
2011-09-26T13:15:16.296429,8360,0.046395,-0.024814,-0.068083,-0.022507,0.024323,1.000134
2011-09-26T13:15:16.306429,8370,0.060510,-0.030916,-0.066286,-0.021931,0.024378,1.000257
2011-09-26T13:15:16.316429,8380,0.074626,-0.037019,-0.064489,-0.021354,0.024433,1.000379
2011-09-26T13:15:16.326429,8390,0.088742,-0.043121,-0.062692,-0.020777,0.024489,1.000502
2011-09-26T13:15:16.336429,8400,0.100137,-0.048038,-0.067372,-0.019457,0.024809,1.000315
2011-09-26T13:15:16.346429,8410,0.111431,-0.052911,-0.072292,-0.018110,0.025139,1.000117
2011-09-26T13:15:16.356429,8420,0.122726,-0.057784,-0.077212,-0.016763,0.025470,0.999919
2011-09-26T13:15:16.366429,8430,0.134020,-0.062657,-0.082132,-0.015415,0.025800,0.999721
2011-09-26T13:15:16.376429,8440,0.145315,-0.067530,-0.087052,-0.014068,0.026130,0.999523
2011-09-26T13:15:16.386429,8450,0.156609,-0.072403,-0.091972,-0.012720,0.026461,0.999325
2011-09-26T13:15:16.396429,8460,0.167904,-0.077276,-0.096891,-0.011373,0.026791,0.999127
2011-09-26T13:15:16.406429,8470,0.179198,-0.082149,-0.101811,-0.010025,0.027121,0.998929
2011-09-26T13:15:16.416429,8480,0.190493,-0.087022,-0.106731,-0.008678,0.027452,0.998731
2011-09-26T13:15:16.426429,8490,0.201787,-0.091895,-0.111651,-0.007330,0.027782,0.998533
2011-09-26T13:15:16.436429,8500,0.203866,-0.091826,-0.116464,-0.005775,0.028156,0.998666
